,Battery capacity,Screen Size,Touchscreen,Internal storage,Headphones,Face unlock,Fingerprint sensor,Wireless charging,NFC,Number of SIMs,SIM Type,4G/ LTE,5G,Expandable storage,Price,3G,EDGE,GPRS,Wi-Fi,VoLTE,Usb Type,Bluetooth,OS,cpuCores,Chipset,CPU,GPS,RAM,FM Radio,Rear Camera,Flash,Front Camera,PPI,Width,Height,Weight,Fast Charging,Removable Battery,Card Slot,Launched_Month,Launched_Year,Number of Rear Cameras,Resolution_x,Resolution_y,Light Sensor,Compass Sensor,Proximity Sensor,Magnetic Sensor,Gravity Sensor,Heathtracking Sensor,Gyroscope Sensor,Accelerometar Sensor,Vibration Sensor,Laser Sensor,Manufacturer,Brand__Apple,Brand__Coolpad,Brand__Google,Brand__Huawei,Brand__Infinix,Brand__LG,Brand__Lenovo,Brand__Micromax,Brand__Motorola,Brand__Nokia,Brand__OnePlus,Brand__Oppo,Brand__Realme,Brand__Samsung,Brand__Tecno,Brand__Vivo,Brand__Xiaomi,logPrice
0,4000,6.53,1,128,1,1,1,0,0,2.0,1,0,0,256,23990,1,1,1,1,1,2,1,0,2,2,2.1,1,8.0,0,48.0,1,16.0,394,75.8,161.8,195.0,1,0,1,1,5,4,1080,2340,1,1,1,0,0,0,1,1,0,0,11,0,0,0,0,0,0,0,0,0,0,0,1,0,0,0,0,0,10.08539235583374
1,1960,4.7,1,32,1,0,1,0,1,1.0,1,1,0,0,27499,1,1,1,1,1,0,1,1,3,0,2.34,1,2.0,0,12.0,1,7.0,326,67.09,138.3,138.0,0,0,0,11,2,1,750,1334,1,1,1,0,0,0,1,1,0,0,0,1,0,0,0,0,0,0,0,0,0,0,0,0,0,0,0,0,10.221904919357126
2,1960,4.7,1,32,1,0,1,0,1,1.0,1,1,0,0,19890,1,1,1,1,1,0,1,1,3,0,2.34,1,2.0,0,12.0,1,7.0,326,67.09,138.3,138.0,0,0,0,11,2,1,750,1334,1,1,1,0,0,0,1,1,0,0,0,1,0,0,0,0,0,0,0,0,0,0,0,0,0,0,0,0,9.897972371848018
3,1715,4.7,1,16,1,0,1,0,1,1.0,1,1,0,0,41999,1,1,1,1,1,0,1,1,0,0,1.84,1,2.0,0,12.0,0,5.0,326,67.1,138.3,143.0,0,0,0,11,1,1,750,1334,1,1,1,0,0,0,1,1,0,0,0,1,0,0,0,0,0,0,0,0,0,0,0,0,0,0,0,0,10.645401087458245
4,1715,4.7,1,16,1,0,1,0,1,1.0,1,1,0,0,23498,1,1,1,1,1,0,1,1,0,0,1.84,1,2.0,0,12.0,0,5.0,326,67.1,138.3,143.0,0,0,0,11,1,1,750,1334,1,1,1,0,0,0,1,1,0,0,0,1,0,0,0,0,0,0,0,0,0,0,0,0,0,0,0,0,10.064670590127518
5,1715,4.7,1,32,1,0,1,0,1,1.0,1,1,0,0,41999,1,1,1,1,1,0,1,1,0,0,1.84,1,2.0,0,12.0,0,5.0,326,67.1,138.3,143.0,0,0,0,11,1,1,750,1334,1,1,1,0,0,0,1,1,0,0,0,1,0,0,0,0,0,0,0,0,0,0,0,0,0,0,0,0,10.645401087458245
6,1715,4.7,1,32,1,0,1,0,1,1.0,1,1,0,0,23498,1,1,1,1,1,0,1,1,0,0,1.84,1,2.0,0,12.0,0,5.0,326,67.1,138.3,143.0,0,0,0,11,1,1,750,1334,1,1,1,0,0,0,1,1,0,0,0,1,0,0,0,0,0,0,0,0,0,0,0,0,0,0,0,0,10.064670590127518
7,1715,4.7,1,64,1,0,1,0,1,1.0,1,1,0,0,41999,1,1,1,1,1,0,1,1,0,0,1.84,1,2.0,0,12.0,0,5.0,326,67.1,138.3,143.0,0,0,0,11,1,1,750,1334,1,1,1,0,0,0,1,1,0,0,0,1,0,0,0,0,0,0,0,0,0,0,0,0,0,0,0,0,10.645401087458245
8,1715,4.7,1,64,1,0,1,0,1,1.0,1,1,0,0,23498,1,1,1,1,1,0,1,1,0,0,1.84,1,2.0,0,12.0,0,5.0,326,67.1,138.3,143.0,0,0,0,11,1,1,750,1334,1,1,1,0,0,0,1,1,0,0,0,1,0,0,0,0,0,0,0,0,0,0,0,0,0,0,0,0,10.064670590127518
9,5000,6.35,1,64,1,1,1,0,0,2.0,1,1,0,256,10990,1,1,1,1,1,2,1,0,2,2,2.0,1,4.0,1,13.0,1,8.0,268,76.8,159.4,190.5,0,0,1,8,5,3,720,1544,1,1,1,0,0,0,0,1,0,0,15,0,0,0,0,0,0,0,0,0,0,0,0,0,0,0,1,0,9.304741047397666
10,5000,6.35,1,64,1,1,1,0,0,2.0,1,1,0,256,9885,1,1,1,1,1,2,1,0,2,2,2.0,1,3.0,1,13.0,1,8.0,268,76.8,159.4,190.5,0,0,1,8,5,3,720,1544,1,1,1,0,0,0,0,1,0,0,15,0,0,0,0,0,0,0,0,0,0,0,0,0,0,0,1,0,9.198773735604718
11,5000,6.35,1,32,1,1,1,0,0,2.0,1,1,0,256,10990,1,1,1,1,1,2,1,0,2,2,2.0,1,4.0,1,13.0,1,8.0,268,76.8,159.4,190.5,0,0,1,8,5,3,720,1544,1,1,1,0,0,0,0,1,0,0,15,0,0,0,0,0,0,0,0,0,0,0,0,0,0,0,1,0,9.304741047397666
12,5000,6.35,1,32,1,1,1,0,0,2.0,1,1,0,256,9885,1,1,1,1,1,2,1,0,2,2,2.0,1,3.0,1,13.0,1,8.0,268,76.8,159.4,190.5,0,0,1,8,5,3,720,1544,1,1,1,0,0,0,0,1,0,0,15,0,0,0,0,0,0,0,0,0,0,0,0,0,0,0,1,0,9.198773735604718
13,5000,6.5,1,128,1,1,1,0,0,2.0,1,1,0,256,15990,1,1,1,1,1,1,1,0,2,3,2.0,1,4.0,1,48.0,0,16.0,270,75.6,163.6,195.0,0,0,1,11,5,4,720,1600,1,1,1,0,0,0,1,1,0,0,11,0,0,0,0,0,0,0,0,0,0,0,1,0,0,0,0,0,9.679718805828
14,5000,6.5,1,128,1,1,1,0,0,2.0,1,1,0,256,15990,1,1,1,1,1,1,1,0,2,3,2.0,1,4.0,1,48.0,0,16.0,270,75.6,163.6,195.0,0,0,1,11,5,4,720,1600,1,1,1,0,0,0,1,1,0,0,11,0,0,0,0,0,0,0,0,0,0,0,1,0,0,0,0,0,9.679718805828
15,5000,6.5,1,64,1,1,1,0,0,2.0,1,1,0,256,12990,1,1,1,1,1,2,1,0,2,3,2.0,1,4.0,1,12.0,1,8.0,270,75.6,163.6,195.0,0,0,1,11,5,4,720,1600,1,0,1,1,0,0,1,1,0,0,11,0,0,0,0,0,0,0,0,0,0,0,1,0,0,0,0,0,9.471935109664646
16,5000,6.5,1,64,1,1,1,0,0,2.0,1,1,0,256,12990,1,1,1,1,1,2,1,0,2,3,2.0,1,4.0,1,12.0,1,8.0,270,75.6,163.6,195.0,0,0,1,11,5,4,720,1600,1,0,1,1,0,0,1,1,0,0,11,0,0,0,0,0,0,0,0,0,0,0,1,0,0,0,0,0,9.471935109664646
17,4500,6.38,1,128,1,1,1,0,0,2.0,1,1,0,256,19990,1,1,1,1,1,1,1,0,2,3,2.0,1,8.0,1,48.0,1,32.0,404,75.19,159.25,186.7,1,0,1,9,5,4,1080,2340,1,1,1,0,0,0,1,1,0,0,15,0,0,0,0,0,0,0,0,0,0,0,0,0,0,0,1,0,9.902987427494446
18,4030,6.22,1,32,1,1,1,0,0,2.0,1,1,0,256,8490,1,1,1,1,1,2,1,0,2,2,2.0,1,3.0,1,13.0,1,8.0,270,75.1,155.1,163.5,0,0,1,4,5,2,720,1520,1,1,1,0,0,0,0,1,0,0,15,0,0,0,0,0,0,0,0,0,0,0,0,0,0,0,1,0,9.046644279305394
19,4030,6.22,1,32,1,1,1,0,0,2.0,1,1,0,256,8490,1,1,1,1,1,2,1,0,2,2,2.0,1,2.0,1,13.0,1,8.0,270,75.1,155.1,163.5,0,0,1,4,5,2,720,1520,1,1,1,0,0,0,0,1,0,0,15,0,0,0,0,0,0,0,0,0,0,0,0,0,0,0,1,0,9.046644279305394
20,4030,6.22,1,32,1,1,1,0,0,2.0,1,1,0,256,8490,1,1,1,1,1,2,1,0,2,2,2.0,1,3.0,1,13.0,1,8.0,270,75.1,155.1,163.5,0,0,1,4,5,2,720,1520,1,1,1,0,0,0,0,1,0,0,15,0,0,0,0,0,0,0,0,0,0,0,0,0,0,0,1,0,9.046644279305394
21,4030,6.22,1,32,1,1,1,0,0,2.0,1,1,0,256,8490,1,1,1,1,1,2,1,0,2,2,2.0,1,2.0,1,13.0,1,8.0,270,75.1,155.1,163.5,0,0,1,4,5,2,720,1520,1,1,1,0,0,0,0,1,0,0,15,0,0,0,0,0,0,0,0,0,0,0,0,0,0,0,1,0,9.046644279305394
22,2942,6.1,1,64,1,1,0,1,1,2.0,2,1,0,0,42900,1,1,1,1,1,0,1,1,1,0,2.49,1,3.0,0,12.0,1,7.0,324,75.7,150.9,194.0,1,0,0,11,4,1,1792,828,1,1,1,0,0,0,1,1,0,0,0,1,0,0,0,0,0,0,0,0,0,0,0,0,0,0,0,0,10.666627104916108
23,2942,6.1,1,64,1,1,0,1,1,2.0,2,1,0,0,51799,1,1,1,1,1,0,1,1,1,0,2.49,1,3.0,0,12.0,1,7.0,324,75.7,150.9,194.0,1,0,0,11,4,1,1792,828,1,1,1,0,0,0,1,1,0,0,0,1,0,0,0,0,0,0,0,0,0,0,0,0,0,0,0,0,10.855126123041925
24,2942,6.1,1,128,1,1,0,1,1,2.0,2,1,0,0,42900,1,1,1,1,1,0,1,1,1,0,2.49,1,3.0,0,12.0,1,7.0,324,75.7,150.9,194.0,1,0,0,11,4,1,1792,828,1,1,1,0,0,0,1,1,0,0,0,1,0,0,0,0,0,0,0,0,0,0,0,0,0,0,0,0,10.666627104916108
25,2942,6.1,1,128,1,1,0,1,1,2.0,2,1,0,0,51799,1,1,1,1,1,0,1,1,1,0,2.49,1,3.0,0,12.0,1,7.0,324,75.7,150.9,194.0,1,0,0,11,4,1,1792,828,1,1,1,0,0,0,1,1,0,0,0,1,0,0,0,0,0,0,0,0,0,0,0,0,0,0,0,0,10.855126123041925
26,4000,6.3,1,64,1,1,1,0,0,2.0,1,1,0,512,12982,1,1,1,1,1,1,1,0,2,3,2.0,1,6.0,1,48.0,1,13.0,403,75.3,158.3,191.0,1,0,1,1,5,4,1080,2280,1,1,1,0,0,0,1,1,0,0,16,0,0,0,0,0,0,0,0,0,0,0,0,0,0,0,0,1,9.471319061593414
27,4000,6.3,1,64,1,1,1,0,0,2.0,1,1,0,512,17077,1,1,1,1,1,1,1,0,2,3,2.0,1,4.0,1,48.0,1,13.0,409,75.3,158.3,190.0,1,0,1,1,5,4,1080,2340,1,1,1,0,0,0,1,1,0,0,16,0,0,0,0,0,0,0,0,0,0,0,0,0,0,0,0,1,9.745487807887239
28,4000,6.3,1,64,1,1,1,0,0,2.0,1,1,0,512,10499,1,1,1,1,1,1,1,0,2,3,2.0,1,3.0,1,48.0,1,13.0,409,75.3,158.3,190.0,1,0,1,1,5,4,1080,2340,1,1,1,0,0,0,1,1,0,0,16,0,0,0,0,0,0,0,0,0,0,0,0,0,0,0,0,1,9.259035293514941
29,4000,6.3,1,64,1,1,1,0,0,2.0,1,1,0,512,9999,1,1,1,1,1,1,1,0,2,3,2.0,1,4.0,1,48.0,1,13.0,403,75.3,158.3,191.0,1,0,1,1,5,4,1080,2280,1,1,1,0,0,0,1,1,0,0,16,0,0,0,0,0,0,0,0,0,0,0,0,0,0,0,0,1,9.21024036697585
30,4000,6.3,1,128,1,1,1,0,0,2.0,1,1,0,512,12982,1,1,1,1,1,1,1,0,2,3,2.0,1,6.0,1,48.0,1,13.0,403,75.3,158.3,191.0,1,0,1,1,5,4,1080,2280,1,1,1,0,0,0,1,1,0,0,16,0,0,0,0,0,0,0,0,0,0,0,0,0,0,0,0,1,9.471319061593414
31,4000,6.3,1,128,1,1,1,0,0,2.0,1,1,0,512,17077,1,1,1,1,1,1,1,0,2,3,2.0,1,4.0,1,48.0,1,13.0,409,75.3,158.3,190.0,1,0,1,1,5,4,1080,2340,1,1,1,0,0,0,1,1,0,0,16,0,0,0,0,0,0,0,0,0,0,0,0,0,0,0,0,1,9.745487807887239
32,4000,6.3,1,128,1,1,1,0,0,2.0,1,1,0,512,10499,1,1,1,1,1,1,1,0,2,3,2.0,1,3.0,1,48.0,1,13.0,409,75.3,158.3,190.0,1,0,1,1,5,4,1080,2340,1,1,1,0,0,0,1,1,0,0,16,0,0,0,0,0,0,0,0,0,0,0,0,0,0,0,0,1,9.259035293514941
33,4000,6.3,1,128,1,1,1,0,0,2.0,1,1,0,512,9999,1,1,1,1,1,1,1,0,2,3,2.0,1,4.0,1,48.0,1,13.0,403,75.3,158.3,191.0,1,0,1,1,5,4,1080,2280,1,1,1,0,0,0,1,1,0,0,16,0,0,0,0,0,0,0,0,0,0,0,0,0,0,0,0,1,9.21024036697585
34,3046,5.8,1,64,1,1,0,1,1,2.0,2,1,0,0,110900,1,1,1,1,1,0,1,1,1,0,2.65,1,4.0,0,12.0,1,12.0,458,71.4,144.0,188.0,1,0,0,11,5,3,1125,2436,1,0,1,1,0,0,1,1,0,0,0,1,0,0,0,0,0,0,0,0,0,0,0,0,0,0,0,0,11.616384173338458
35,3046,5.8,1,64,1,1,0,1,1,2.0,2,1,0,0,96900,1,1,1,1,1,0,1,1,1,0,2.65,1,4.0,0,12.0,1,12.0,458,71.4,144.0,188.0,1,0,0,11,5,3,1125,2436,1,0,1,1,0,0,1,1,0,0,0,1,0,0,0,0,0,0,0,0,0,0,0,0,0,0,0,0,11.481434797878858
36,3046,5.8,1,512,1,1,0,1,1,2.0,2,1,0,0,110900,1,1,1,1,1,0,1,1,1,0,2.65,1,4.0,0,12.0,1,12.0,458,71.4,144.0,188.0,1,0,0,11,5,3,1125,2436,1,0,1,1,0,0,1,1,0,0,0,1,0,0,0,0,0,0,0,0,0,0,0,0,0,0,0,0,11.616384173338458
37,3046,5.8,1,512,1,1,0,1,1,2.0,2,1,0,0,96900,1,1,1,1,1,0,1,1,1,0,2.65,1,4.0,0,12.0,1,12.0,458,71.4,144.0,188.0,1,0,0,11,5,3,1125,2436,1,0,1,1,0,0,1,1,0,0,0,1,0,0,0,0,0,0,0,0,0,0,0,0,0,0,0,0,11.481434797878858
38,3110,6.1,1,128,1,1,0,1,1,2.0,2,1,0,0,68099,1,1,1,1,1,0,1,1,1,0,2.65,1,4.0,0,12.0,1,12.0,326,75.7,150.9,194.0,0,0,0,11,5,2,828,1792,1,0,1,1,0,0,1,1,0,0,0,1,0,0,0,0,0,0,0,0,0,0,0,0,0,0,0,0,11.128717807741976
39,3110,6.1,1,128,1,1,0,1,1,2.0,2,1,0,0,63499,1,1,1,1,1,0,1,1,1,0,2.65,1,4.0,0,12.0,1,12.0,326,75.7,150.9,194.0,0,0,0,11,5,2,828,1792,1,0,1,1,0,0,1,1,0,0,0,1,0,0,0,0,0,0,0,0,0,0,0,0,0,0,0,0,11.058779436725285
40,3110,6.1,1,128,1,1,0,1,1,2.0,2,1,0,0,78999,1,1,1,1,1,0,1,1,1,0,2.65,1,4.0,0,12.0,1,12.0,326,75.7,150.9,194.0,0,0,0,11,5,2,828,1792,1,0,1,1,0,0,1,1,0,0,0,1,0,0,0,0,0,0,0,0,0,0,0,0,0,0,0,0,11.277190473141195
41,3110,6.1,1,64,1,1,0,1,1,2.0,2,1,0,0,68099,1,1,1,1,1,0,1,1,1,0,2.65,1,4.0,0,12.0,1,12.0,326,75.7,150.9,194.0,0,0,0,11,5,2,828,1792,1,0,1,1,0,0,1,1,0,0,0,1,0,0,0,0,0,0,0,0,0,0,0,0,0,0,0,0,11.128717807741976
42,3110,6.1,1,64,1,1,0,1,1,2.0,2,1,0,0,63499,1,1,1,1,1,0,1,1,1,0,2.65,1,4.0,0,12.0,1,12.0,326,75.7,150.9,194.0,0,0,0,11,5,2,828,1792,1,0,1,1,0,0,1,1,0,0,0,1,0,0,0,0,0,0,0,0,0,0,0,0,0,0,0,0,11.058779436725285
43,3110,6.1,1,64,1,1,0,1,1,2.0,2,1,0,0,78999,1,1,1,1,1,0,1,1,1,0,2.65,1,4.0,0,12.0,1,12.0,326,75.7,150.9,194.0,0,0,0,11,5,2,828,1792,1,0,1,1,0,0,1,1,0,0,0,1,0,0,0,0,0,0,0,0,0,0,0,0,0,0,0,0,11.277190473141195
44,3110,6.1,1,256,1,1,0,1,1,2.0,2,1,0,0,68099,1,1,1,1,1,0,1,1,1,0,2.65,1,4.0,0,12.0,1,12.0,326,75.7,150.9,194.0,0,0,0,11,5,2,828,1792,1,0,1,1,0,0,1,1,0,0,0,1,0,0,0,0,0,0,0,0,0,0,0,0,0,0,0,0,11.128717807741976
45,3110,6.1,1,256,1,1,0,1,1,2.0,2,1,0,0,63499,1,1,1,1,1,0,1,1,1,0,2.65,1,4.0,0,12.0,1,12.0,326,75.7,150.9,194.0,0,0,0,11,5,2,828,1792,1,0,1,1,0,0,1,1,0,0,0,1,0,0,0,0,0,0,0,0,0,0,0,0,0,0,0,0,11.058779436725285
46,3110,6.1,1,256,1,1,0,1,1,2.0,2,1,0,0,78999,1,1,1,1,1,0,1,1,1,0,2.65,1,4.0,0,12.0,1,12.0,326,75.7,150.9,194.0,0,0,0,11,5,2,828,1792,1,0,1,1,0,0,1,1,0,0,0,1,0,0,0,0,0,0,0,0,0,0,0,0,0,0,0,0,11.277190473141195
47,3700,6.39,1,128,1,1,1,0,0,2.0,1,1,0,256,19999,1,1,1,1,1,2,1,0,2,3,2.0,1,8.0,0,48.0,1,32.0,400,74.7,157.3,185.0,1,0,1,3,5,3,1080,2316,1,1,1,0,0,0,1,1,0,0,15,0,0,0,0,0,0,0,0,0,0,0,0,0,0,0,1,0,9.903437551286085
48,3700,6.39,1,128,1,1,1,0,0,2.0,1,1,0,256,18480,1,1,1,1,1,2,1,0,2,3,2.0,1,6.0,1,48.0,1,32.0,400,74.7,157.3,185.0,1,0,1,3,5,3,1080,2316,1,1,1,0,0,0,1,1,0,0,15,0,0,0,0,0,0,0,0,0,0,0,0,0,0,0,1,0,9.824444345195674
49,3700,6.39,1,128,1,1,1,0,0,2.0,1,1,0,256,19999,1,1,1,1,1,2,1,0,2,3,2.0,1,8.0,0,48.0,1,32.0,400,74.7,157.3,185.0,1,0,1,3,5,3,1080,2316,1,1,1,0,0,0,1,1,0,0,15,0,0,0,0,0,0,0,0,0,0,0,0,0,0,0,1,0,9.903437551286085
50,3700,6.39,1,128,1,1,1,0,0,2.0,1,1,0,256,18480,1,1,1,1,1,2,1,0,2,3,2.0,1,6.0,1,48.0,1,32.0,400,74.7,157.3,185.0,1,0,1,3,5,3,1080,2316,1,1,1,0,0,0,1,1,0,0,15,0,0,0,0,0,0,0,0,0,0,0,0,0,0,0,1,0,9.824444345195674
51,3400,6.41,1,64,1,1,1,0,0,2.0,1,1,0,256,15799,1,1,1,1,1,2,1,0,2,3,2.2,1,6.0,1,12.0,1,25.0,402,75.0,157.91,156.0,0,0,1,11,4,2,1080,2340,1,1,1,0,0,0,0,1,0,0,15,0,0,0,0,0,0,0,0,0,0,0,0,0,0,0,1,0,9.66770192587285
52,4230,6.2,1,32,1,1,1,0,0,2.0,1,1,0,256,11490,1,1,1,1,1,2,1,0,2,3,2.0,1,3.0,1,12.0,1,8.0,270,75.6,163.6,195.0,0,0,1,5,4,4,720,1600,1,0,1,1,0,0,1,1,0,0,11,0,0,0,0,0,0,0,0,0,0,0,1,0,0,0,0,0,9.3492323708428
53,4230,6.2,1,32,1,1,1,0,0,2.0,1,1,0,256,8990,1,1,1,1,1,2,1,0,2,3,1.8,1,4.0,1,13.0,1,8.0,271,75.6,156.1,170.0,0,0,1,5,4,2,720,1520,1,1,1,0,0,0,0,1,0,0,11,0,0,0,0,0,0,0,0,0,0,0,1,0,0,0,0,0,9.103868127465667
54,4230,6.2,1,64,1,1,1,0,0,2.0,1,1,0,256,11490,1,1,1,1,1,2,1,0,2,3,2.0,1,3.0,1,12.0,1,8.0,270,75.6,163.6,195.0,0,0,1,5,4,4,720,1600,1,0,1,1,0,0,1,1,0,0,11,0,0,0,0,0,0,0,0,0,0,0,1,0,0,0,0,0,9.3492323708428
55,4230,6.2,1,64,1,1,1,0,0,2.0,1,1,0,256,8990,1,1,1,1,1,2,1,0,2,3,1.8,1,4.0,1,13.0,1,8.0,271,75.6,156.1,170.0,0,0,1,5,4,2,720,1520,1,1,1,0,0,0,0,1,0,0,11,0,0,0,0,0,0,0,0,0,0,0,1,0,0,0,0,0,9.103868127465667
56,3000,5.6,1,64,1,1,1,0,0,2.0,1,1,0,256,9999,1,1,1,1,1,2,1,0,2,5,1.6,1,3.0,1,13.0,1,8.0,294,70.2,149.3,154.0,0,0,1,8,4,1,720,1480,0,0,1,0,0,0,0,1,0,0,13,0,0,0,0,0,0,0,0,0,0,0,0,0,1,0,0,0,9.21024036697585
57,3000,5.6,1,64,1,1,1,0,0,2.0,1,1,0,256,9490,1,1,1,1,1,2,1,0,2,5,1.6,1,4.0,1,13.0,1,8.0,294,70.2,149.3,154.0,0,0,1,8,4,1,720,1480,0,0,1,0,0,0,0,1,0,0,13,0,0,0,0,0,0,0,0,0,0,0,0,0,1,0,0,0,9.157993891603974
58,3000,5.6,1,32,1,1,1,0,0,2.0,1,1,0,256,9999,1,1,1,1,1,2,1,0,2,5,1.6,1,3.0,1,13.0,1,8.0,294,70.2,149.3,154.0,0,0,1,8,4,1,720,1480,0,0,1,0,0,0,0,1,0,0,13,0,0,0,0,0,0,0,0,0,0,0,0,0,1,0,0,0,9.21024036697585
59,3000,5.6,1,32,1,1,1,0,0,2.0,1,1,0,256,9490,1,1,1,1,1,2,1,0,2,5,1.6,1,4.0,1,13.0,1,8.0,294,70.2,149.3,154.0,0,0,1,8,4,1,720,1480,0,0,1,0,0,0,0,1,0,0,13,0,0,0,0,0,0,0,0,0,0,0,0,0,1,0,0,0,9.157993891603974
60,4300,6.55,1,256,1,1,1,0,1,2.0,1,1,1,0,39999,1,1,1,1,1,1,1,0,2,3,2.96,1,8.0,1,48.0,1,20.0,393,72.9,160.2,180.0,1,0,0,0,6,3,1080,2340,1,1,1,0,0,0,1,1,0,0,10,0,0,0,0,0,0,0,0,0,0,1,0,0,0,0,0,0,10.596609732783568
61,4230,6.2,1,64,1,0,1,0,0,2.0,1,1,0,256,8490,1,1,1,1,1,2,1,0,2,2,2.3,1,2.0,1,13.0,1,8.0,270,75.4,155.9,170.0,0,0,1,0,5,2,1520,720,1,0,1,1,0,1,1,1,0,0,11,0,0,0,0,0,0,0,0,0,0,0,1,0,0,0,0,0,9.046644279305394
62,4230,6.2,1,64,1,0,1,0,0,2.0,1,1,0,256,8390,1,1,1,1,1,2,1,0,2,2,2.3,1,3.0,1,13.0,1,8.0,270,75.4,155.9,170.0,0,0,1,0,5,2,1520,720,1,0,1,1,0,1,1,1,0,0,11,0,0,0,0,0,0,0,0,0,0,0,1,0,0,0,0,0,9.034795799461252
63,4230,6.2,1,64,1,0,1,0,0,2.0,1,1,0,256,10990,1,1,1,1,1,2,1,0,2,2,2.3,1,4.0,1,13.0,1,8.0,270,75.4,155.9,170.0,0,0,1,0,5,2,1520,720,1,0,1,1,0,1,1,1,0,0,11,0,0,0,0,0,0,0,0,0,0,0,1,0,0,0,0,0,9.304741047397666
64,4230,6.2,1,32,1,0,1,0,0,2.0,1,1,0,256,8490,1,1,1,1,1,2,1,0,2,2,2.3,1,2.0,1,13.0,1,8.0,270,75.4,155.9,170.0,0,0,1,0,5,2,1520,720,1,0,1,1,0,1,1,1,0,0,11,0,0,0,0,0,0,0,0,0,0,0,1,0,0,0,0,0,9.046644279305394
65,4230,6.2,1,32,1,0,1,0,0,2.0,1,1,0,256,8390,1,1,1,1,1,2,1,0,2,2,2.3,1,3.0,1,13.0,1,8.0,270,75.4,155.9,170.0,0,0,1,0,5,2,1520,720,1,0,1,1,0,1,1,1,0,0,11,0,0,0,0,0,0,0,0,0,0,0,1,0,0,0,0,0,9.034795799461252
66,4230,6.2,1,32,1,0,1,0,0,2.0,1,1,0,256,10990,1,1,1,1,1,2,1,0,2,2,2.3,1,4.0,1,13.0,1,8.0,270,75.4,155.9,170.0,0,0,1,0,5,2,1520,720,1,0,1,1,0,1,1,1,0,0,11,0,0,0,0,0,0,0,0,0,0,0,1,0,0,0,0,0,9.304741047397666
67,4230,6.2,1,32,1,0,1,0,0,2.0,1,1,0,256,8490,1,1,1,1,1,2,1,0,2,2,2.3,1,2.0,1,13.0,1,8.0,270,75.4,155.9,170.0,0,0,1,0,5,2,1520,720,1,0,1,1,0,1,1,1,0,0,11,0,0,0,0,0,0,0,0,0,0,0,1,0,0,0,0,0,9.046644279305394
68,4230,6.2,1,32,1,0,1,0,0,2.0,1,1,0,256,8390,1,1,1,1,1,2,1,0,2,2,2.3,1,3.0,1,13.0,1,8.0,270,75.4,155.9,170.0,0,0,1,0,5,2,1520,720,1,0,1,1,0,1,1,1,0,0,11,0,0,0,0,0,0,0,0,0,0,0,1,0,0,0,0,0,9.034795799461252
69,4230,6.2,1,32,1,0,1,0,0,2.0,1,1,0,256,10990,1,1,1,1,1,2,1,0,2,2,2.3,1,4.0,1,13.0,1,8.0,270,75.4,155.9,170.0,0,0,1,0,5,2,1520,720,1,0,1,1,0,1,1,1,0,0,11,0,0,0,0,0,0,0,0,0,0,0,1,0,0,0,0,0,9.304741047397666
70,3765,6.53,1,128,1,1,1,0,0,2.0,1,1,0,0,16649,1,1,1,1,1,1,1,0,2,3,2.2,1,4.0,1,48.0,1,16.0,394,76.1,161.3,191.0,1,0,0,5,5,2,1080,2340,1,1,1,0,1,0,0,1,0,0,12,0,0,0,0,0,0,0,0,0,0,0,0,1,0,0,0,0,9.720105433544852
71,3765,6.53,1,128,1,1,1,0,0,2.0,1,1,0,0,19787,1,1,1,1,1,1,1,0,2,3,2.2,1,8.0,1,48.0,1,16.0,394,76.1,161.3,191.0,1,0,0,5,5,2,1080,2340,1,1,1,0,1,0,0,1,0,0,12,0,0,0,0,0,0,0,0,0,0,0,0,1,0,0,0,0,9.89278043539244
72,3765,6.53,1,128,1,1,1,0,0,2.0,1,1,0,0,16649,1,1,1,1,1,1,1,0,2,3,2.2,1,4.0,1,48.0,1,16.0,394,76.1,161.3,191.0,1,0,0,5,5,2,1080,2340,1,1,1,0,1,0,0,1,0,0,12,0,0,0,0,0,0,0,0,0,0,0,0,1,0,0,0,0,9.720105433544852
73,3765,6.53,1,128,1,1,1,0,0,2.0,1,1,0,0,19787,1,1,1,1,1,1,1,0,2,3,2.2,1,8.0,1,48.0,1,16.0,394,76.1,161.3,191.0,1,0,0,5,5,2,1080,2340,1,1,1,0,1,0,0,1,0,0,12,0,0,0,0,0,0,0,0,0,0,0,0,1,0,0,0,0,9.89278043539244
74,5000,6.53,1,128,1,1,1,0,0,2.0,1,1,0,256,12990,1,1,1,1,1,2,1,0,2,3,2.3,1,4.0,0,16.0,1,32.0,395,77.33,162.39,201.0,1,0,1,5,5,3,1080,2340,1,1,1,0,0,0,1,1,0,0,15,0,0,0,0,0,0,0,0,0,0,0,0,0,0,0,1,0,9.471935109664646
75,5000,6.53,1,128,1,1,1,0,0,2.0,1,1,0,256,13990,1,1,1,1,1,2,1,0,2,3,2.3,1,6.0,0,16.0,1,32.0,395,77.33,162.39,201.0,1,0,1,5,5,3,1080,2340,1,1,1,0,0,0,1,1,0,0,15,0,0,0,0,0,0,0,0,0,0,0,0,0,0,0,1,0,9.546098067659527
76,5000,6.53,1,128,1,1,1,0,0,2.0,1,1,0,256,15990,1,1,1,1,1,2,1,0,2,3,2.3,1,6.0,0,16.0,1,32.0,395,77.33,162.39,201.0,1,0,1,5,5,3,1080,2340,1,1,1,0,0,0,1,1,0,0,15,0,0,0,0,0,0,0,0,0,0,0,0,0,0,0,1,0,9.679718805828
77,5000,6.53,1,64,1,1,1,0,0,2.0,1,1,0,256,12990,1,1,1,1,1,2,1,0,2,3,2.3,1,4.0,0,16.0,1,32.0,395,77.33,162.39,201.0,1,0,1,5,5,3,1080,2340,1,1,1,0,0,0,1,1,0,0,15,0,0,0,0,0,0,0,0,0,0,0,0,0,0,0,1,0,9.471935109664646
78,5000,6.53,1,64,1,1,1,0,0,2.0,1,1,0,256,13990,1,1,1,1,1,2,1,0,2,3,2.3,1,6.0,0,16.0,1,32.0,395,77.33,162.39,201.0,1,0,1,5,5,3,1080,2340,1,1,1,0,0,0,1,1,0,0,15,0,0,0,0,0,0,0,0,0,0,0,0,0,0,0,1,0,9.546098067659527
79,5000,6.53,1,64,1,1,1,0,0,2.0,1,1,0,256,15990,1,1,1,1,1,2,1,0,2,3,2.3,1,6.0,0,16.0,1,32.0,395,77.33,162.39,201.0,1,0,1,5,5,3,1080,2340,1,1,1,0,0,0,1,1,0,0,15,0,0,0,0,0,0,0,0,0,0,0,0,0,0,0,1,0,9.679718805828
80,6000,6.4,1,128,1,1,1,0,0,2.0,1,1,0,512,14999,1,1,1,1,1,2,1,0,2,5,2.3,1,6.0,1,48.0,1,16.0,394,75.1,159.2,191.0,0,0,1,3,6,3,1080,2280,1,0,1,0,0,0,0,1,0,0,13,0,0,0,0,0,0,0,0,0,0,0,0,0,1,0,0,0,9.61573881119536
81,4000,6.53,1,64,1,1,1,0,0,2.0,1,1,0,256,14990,1,1,1,1,1,2,1,0,2,2,2.1,1,6.0,1,24.0,1,32.0,395,75.9,161.2,189.5,1,0,1,3,5,3,1080,2340,1,1,1,0,0,0,1,1,0,0,15,0,0,0,0,0,0,0,0,0,0,0,0,0,0,0,1,0,9.615138591096644
82,4030,6.22,1,16,1,1,0,0,0,2.0,1,1,0,256,6980,1,1,1,1,1,2,1,0,2,2,2.0,1,2.0,1,13.0,1,8.0,270,75.0,155.0,163.5,0,0,1,7,5,1,720,1520,1,0,1,0,0,0,0,1,0,0,15,0,0,0,0,0,0,0,0,0,0,0,0,0,0,0,1,0,8.850804195756417
83,4030,6.22,1,32,1,1,0,0,0,2.0,1,1,0,256,6980,1,1,1,1,1,2,1,0,2,2,2.0,1,2.0,1,13.0,1,8.0,270,75.0,155.0,163.5,0,0,1,7,5,1,720,1520,1,0,1,0,0,0,0,1,0,0,15,0,0,0,0,0,0,0,0,0,0,0,0,0,0,0,1,0,8.850804195756417
84,1810,4.7,1,64,1,0,1,0,1,1.0,1,1,0,0,21999,1,1,1,1,0,0,1,1,0,0,1.4,1,1.0,0,8.0,0,1.2,326,67.0,138.1,129.0,0,0,0,11,0,1,750,1334,1,1,1,0,0,0,1,1,0,0,0,1,0,0,0,0,0,0,0,0,0,0,0,0,0,0,0,0,9.998752276761909
85,1810,4.7,1,64,1,0,1,0,1,1.0,1,1,0,0,35320,1,1,1,1,0,0,1,1,0,0,1.4,1,1.0,0,8.0,0,1.2,326,67.0,138.1,129.0,0,0,0,11,0,1,750,1334,1,1,1,0,0,0,1,1,0,0,0,1,0,0,0,0,0,0,0,0,0,0,0,0,0,0,0,0,10.472204654717896
86,1810,4.7,1,32,1,0,1,0,1,1.0,1,1,0,0,21999,1,1,1,1,0,0,1,1,0,0,1.4,1,1.0,0,8.0,0,1.2,326,67.0,138.1,129.0,0,0,0,11,0,1,750,1334,1,1,1,0,0,0,1,1,0,0,0,1,0,0,0,0,0,0,0,0,0,0,0,0,0,0,0,0,9.998752276761909
87,1810,4.7,1,32,1,0,1,0,1,1.0,1,1,0,0,35320,1,1,1,1,0,0,1,1,0,0,1.4,1,1.0,0,8.0,0,1.2,326,67.0,138.1,129.0,0,0,0,11,0,1,750,1334,1,1,1,0,0,0,1,1,0,0,0,1,0,0,0,0,0,0,0,0,0,0,0,0,0,0,0,0,10.472204654717896
88,5000,6.52,1,64,1,1,1,0,0,2.0,1,0,0,256,6999,1,1,1,1,1,2,1,0,2,2,2.0,1,4.0,0,13.0,1,8.0,267,76.3,165.0,179.0,0,0,1,11,5,3,720,1600,1,1,1,0,0,0,0,1,0,0,4,0,0,0,0,1,0,0,0,0,0,0,0,0,0,0,0,0,8.85352256068954
89,4000,6.7,1,128,1,1,1,1,0,2.0,2,1,1,0,119999,1,1,1,1,1,0,1,1,1,0,2.65,1,6.0,0,13.0,1,13.0,444,78.1,160.8,228.0,1,0,0,10,6,3,1242,2688,1,1,1,0,0,0,1,1,0,0,0,1,0,0,0,0,0,0,0,0,0,0,0,0,0,0,0,0,11.695238688396127
90,4000,6.4,1,64,1,1,1,0,0,2.0,1,1,0,512,14999,1,1,1,1,1,1,1,0,2,5,2.3,1,4.0,1,25.0,1,25.0,430,74.5,158.5,166.0,1,0,1,3,5,3,1080,2340,1,1,1,0,0,0,1,1,0,0,13,0,0,0,0,0,0,0,0,0,0,0,0,0,1,0,0,0,9.61573881119536
91,4000,6.4,1,64,1,1,1,0,0,2.0,1,1,0,512,15990,1,1,1,1,1,1,1,0,2,5,2.3,1,6.0,1,25.0,1,25.0,430,74.5,158.5,166.0,1,0,1,3,5,3,1080,2340,1,1,1,0,0,0,1,1,0,0,13,0,0,0,0,0,0,0,0,0,0,0,0,0,1,0,0,0,9.679718805828
92,4000,6.4,1,64,1,1,1,0,0,2.0,1,1,0,512,14999,1,1,1,1,1,1,1,0,2,5,2.3,1,4.0,1,25.0,1,25.0,430,74.5,158.5,166.0,1,0,1,3,5,3,1080,2340,1,1,1,0,0,0,1,1,0,0,13,0,0,0,0,0,0,0,0,0,0,0,0,0,1,0,0,0,9.61573881119536
93,4000,6.4,1,64,1,1,1,0,0,2.0,1,1,0,512,15990,1,1,1,1,1,1,1,0,2,5,2.3,1,6.0,1,25.0,1,25.0,430,74.5,158.5,166.0,1,0,1,3,5,3,1080,2340,1,1,1,0,0,0,1,1,0,0,13,0,0,0,0,0,0,0,0,0,0,0,0,0,1,0,0,0,9.679718805828
94,3500,6.3,1,64,1,1,1,0,0,2.0,1,1,0,256,8999,1,1,1,1,1,2,1,0,2,3,2.2,1,4.0,0,16.0,1,16.0,409,74.0,156.7,174.0,0,0,1,11,4,2,1080,2340,1,1,1,0,0,0,1,1,0,0,12,0,0,0,0,0,0,0,0,0,0,0,0,1,0,0,0,0,9.104868739033948
95,3500,6.3,1,64,1,1,1,0,0,2.0,1,1,0,256,12999,1,1,1,1,1,2,1,0,2,3,2.2,1,8.0,0,16.0,1,16.0,409,74.0,156.7,174.0,0,0,1,11,4,2,1080,2340,1,1,1,0,0,0,1,1,0,0,12,0,0,0,0,0,0,0,0,0,0,0,0,1,0,0,0,0,9.47262771040802
96,4500,6.53,1,64,1,1,1,0,0,2.0,1,1,0,512,15999,1,1,1,1,1,1,1,0,2,2,2.05,1,6.0,1,64.0,1,20.0,403,76.4,161.7,200.0,1,0,1,1,5,4,1080,2340,1,1,1,0,0,0,1,1,0,0,16,0,0,0,0,0,0,0,0,0,0,0,0,0,0,0,0,1,9.680281499268713
97,4500,6.53,1,64,1,1,1,0,0,2.0,1,1,0,512,17999,1,1,1,1,1,1,1,0,2,2,2.05,1,8.0,1,64.0,1,20.0,403,76.4,161.7,200.0,1,0,1,1,5,4,1080,2340,1,1,1,0,0,0,1,1,0,0,16,0,0,0,0,0,0,0,0,0,0,0,0,0,0,0,0,1,9.798071479779479
98,4500,6.53,1,64,1,1,1,0,0,2.0,1,1,0,512,14875,1,1,1,1,1,1,1,0,2,2,2.05,1,6.0,1,64.0,1,20.0,403,76.4,161.7,200.0,1,0,1,1,5,4,1080,2340,1,1,1,0,0,0,1,1,0,0,16,0,0,0,0,0,0,0,0,0,0,0,0,0,0,0,0,1,9.607437230413831
99,4500,6.53,1,128,1,1,1,0,0,2.0,1,1,0,512,15999,1,1,1,1,1,1,1,0,2,2,2.05,1,6.0,1,64.0,1,20.0,403,76.4,161.7,200.0,1,0,1,1,5,4,1080,2340,1,1,1,0,0,0,1,1,0,0,16,0,0,0,0,0,0,0,0,0,0,0,0,0,0,0,0,1,9.680281499268713
100,4500,6.53,1,128,1,1,1,0,0,2.0,1,1,0,512,17999,1,1,1,1,1,1,1,0,2,2,2.05,1,8.0,1,64.0,1,20.0,403,76.4,161.7,200.0,1,0,1,1,5,4,1080,2340,1,1,1,0,0,0,1,1,0,0,16,0,0,0,0,0,0,0,0,0,0,0,0,0,0,0,0,1,9.798071479779479
101,4500,6.53,1,128,1,1,1,0,0,2.0,1,1,0,512,14875,1,1,1,1,1,1,1,0,2,2,2.05,1,6.0,1,64.0,1,20.0,403,76.4,161.7,200.0,1,0,1,1,5,4,1080,2340,1,1,1,0,0,0,1,1,0,0,16,0,0,0,0,0,0,0,0,0,0,0,0,0,0,0,0,1,9.607437230413831
102,4000,5.8,1,64,1,1,0,1,1,2.0,2,1,0,0,82799,1,1,1,1,1,0,1,1,1,0,2.49,1,4.0,0,12.0,1,7.0,463,70.9,143.6,177.0,1,0,0,11,4,2,1125,2436,1,1,1,0,0,0,1,1,0,0,0,1,0,0,0,0,0,0,0,0,0,0,0,0,0,0,0,0,11.324171263005734
103,4000,5.8,1,512,1,1,0,1,1,2.0,2,1,0,0,82799,1,1,1,1,1,0,1,1,1,0,2.49,1,4.0,0,12.0,1,7.0,463,70.9,143.6,177.0,1,0,0,11,4,2,1125,2436,1,1,1,0,0,0,1,1,0,0,0,1,0,0,0,0,0,0,0,0,0,0,0,0,0,0,0,0,11.324171263005734
104,5000,6.53,1,64,1,1,1,0,0,2.0,1,1,0,512,8999,1,1,1,1,1,1,1,0,2,2,1.8,1,4.0,0,13.0,1,8.0,409,77.07,164.9,196.0,0,0,1,1,6,2,1080,2340,1,0,1,0,0,0,1,1,0,0,16,0,0,0,0,0,0,0,0,0,0,0,0,0,0,0,0,1,9.104868739033948
105,3700,6.41,1,128,1,1,1,0,1,2.0,1,1,0,0,34999,1,1,1,1,1,1,1,0,2,3,2.8,1,8.0,0,20.0,0,16.0,402,74.8,157.5,185.0,1,0,0,10,4,2,1080,2340,1,1,1,1,0,0,1,1,0,0,10,0,0,0,0,0,0,0,0,0,0,1,0,0,0,0,0,0,10.463074768634808
106,3700,6.41,1,256,1,1,1,0,1,2.0,1,1,0,0,34999,1,1,1,1,1,1,1,0,2,3,2.8,1,8.0,0,20.0,0,16.0,402,74.8,157.5,185.0,1,0,0,10,4,2,1080,2340,1,1,1,1,0,0,1,1,0,0,10,0,0,0,0,0,0,0,0,0,0,1,0,0,0,0,0,0,10.463074768634808
107,4030,6.08,1,128,1,1,1,0,0,2.0,1,1,0,256,14897,1,1,1,1,1,1,1,0,2,3,2.0,1,6.0,1,48.0,1,32.0,286,71.9,153.5,173.8,1,0,1,5,5,3,720,1560,1,1,1,0,0,0,1,1,0,0,16,0,0,0,0,0,0,0,0,0,0,0,0,0,0,0,0,1,9.608915129379593
108,4030,6.08,1,128,1,1,1,0,0,2.0,1,1,0,256,11966,1,1,1,1,1,1,1,0,2,3,2.0,1,4.0,1,48.0,1,32.0,286,71.9,153.5,173.8,1,0,1,5,5,3,720,1560,1,1,1,0,0,0,1,1,0,0,16,0,0,0,0,0,0,0,0,0,0,0,0,0,0,0,0,1,9.389824573949976
109,5000,6.35,1,128,1,0,1,0,0,2.0,1,0,0,256,13900,1,1,1,1,1,2,1,0,2,2,2.3,1,4.0,1,13.0,1,20.0,271,76.77,159.43,191.0,1,0,1,0,5,3,720,1544,1,0,1,0,0,0,0,1,0,0,15,0,0,0,0,0,0,0,0,0,0,0,0,0,0,0,1,0,9.539644119118783
110,4500,6.44,1,128,1,1,1,0,0,2.0,1,1,0,256,22990,1,1,1,1,1,1,1,0,2,3,2.0,1,8.0,1,48.0,1,32.0,409,74.17,159.01,176.0,1,0,1,9,5,4,1080,2400,1,1,1,0,0,0,1,1,0,0,15,0,0,0,0,0,0,0,0,0,0,0,0,0,0,0,1,0,10.042814617757227
111,4510,6.78,1,128,1,1,1,1,1,2.0,1,1,1,0,45999,1,1,1,1,1,2,1,0,2,3,2.84,1,8.0,0,48.0,1,32.0,514,74.4,165.3,199.0,1,0,0,0,6,4,1440,3100,1,1,1,0,0,0,1,1,0,0,10,0,0,0,0,0,0,0,0,0,0,1,0,0,0,0,0,0,10.736374936104498
112,3400,6.1,1,128,1,1,1,1,1,2.0,1,1,0,512,54499,1,1,1,1,1,1,1,0,2,5,2.7,1,8.0,0,16.0,0,10.0,551,70.4,149.9,157.0,1,0,1,3,5,3,1440,3040,1,1,1,0,0,1,1,1,0,0,13,0,0,0,0,0,0,0,0,0,0,0,0,0,1,0,0,0,10.905937631859144
113,3400,6.1,1,512,1,1,1,1,1,2.0,1,1,0,512,54499,1,1,1,1,1,1,1,0,2,5,2.7,1,8.0,0,16.0,0,10.0,551,70.4,149.9,157.0,1,0,1,3,5,3,1440,3040,1,1,1,0,0,1,1,1,0,0,13,0,0,0,0,0,0,0,0,0,0,0,0,0,1,0,0,0,10.905937631859144
114,1821,4.7,1,64,1,0,1,0,1,1.0,1,1,0,0,36999,1,1,1,1,1,0,1,1,1,0,2.39,1,2.0,0,12.0,1,7.0,326,67.3,138.4,148.0,1,0,0,11,3,1,750,1334,1,1,1,0,0,0,1,1,0,0,0,1,0,0,0,0,0,0,0,0,0,0,0,0,0,0,0,0,10.518646164234097
115,1821,4.7,1,256,1,0,1,0,1,1.0,1,1,0,0,36999,1,1,1,1,1,0,1,1,1,0,2.39,1,2.0,0,12.0,1,7.0,326,67.3,138.4,148.0,1,0,0,11,3,1,750,1334,1,1,1,0,0,0,1,1,0,0,0,1,0,0,0,0,0,0,0,0,0,0,0,0,0,0,0,0,10.518646164234097
116,4000,6.1,1,64,1,1,1,1,1,2.0,2,1,1,0,74990,1,1,1,1,1,1,1,1,1,0,2.65,1,6.0,0,12.0,1,12.0,495,71.5,146.7,164.0,1,0,0,10,6,3,1125,2436,1,1,1,0,0,0,1,1,0,0,0,1,0,0,0,0,0,0,0,0,0,0,0,0,0,0,0,0,11.225110050295434
117,2600,5.5,1,16,1,0,1,0,1,2.0,1,1,0,64,16800,1,1,1,1,1,2,1,0,2,5,2.2,1,4.0,1,24.0,1,24.0,411,76.8,159.8,168.0,0,0,1,4,1,3,2220,1080,1,1,1,0,0,0,1,1,0,0,13,0,0,0,0,0,0,0,0,0,0,0,0,0,1,0,0,0,9.72913416539135
118,3765,6.5,1,64,1,1,1,0,0,2.0,1,1,0,0,18990,1,1,1,1,1,1,1,0,2,3,2.2,1,8.0,0,16.0,1,16.0,396,76.0,161.2,191.0,1,0,0,8,5,2,1080,2340,1,1,1,0,0,0,1,1,0,0,11,0,0,0,0,0,0,0,0,0,0,0,1,0,0,0,0,0,9.85166780380633
119,3765,6.5,1,64,1,1,1,0,0,2.0,1,1,0,0,15990,1,1,1,1,1,1,1,0,2,3,2.2,1,6.0,0,16.0,1,16.0,396,76.0,161.2,191.0,1,0,0,8,5,2,1080,2340,1,1,1,0,0,0,1,1,0,0,11,0,0,0,0,0,0,0,0,0,0,0,1,0,0,0,0,0,9.679718805828
120,3765,6.5,1,128,1,1,1,0,0,2.0,1,1,0,0,18990,1,1,1,1,1,1,1,0,2,3,2.2,1,8.0,0,16.0,1,16.0,396,76.0,161.2,191.0,1,0,0,8,5,2,1080,2340,1,1,1,0,0,0,1,1,0,0,11,0,0,0,0,0,0,0,0,0,0,0,1,0,0,0,0,0,9.85166780380633
121,3765,6.5,1,128,1,1,1,0,0,2.0,1,1,0,0,15990,1,1,1,1,1,1,1,0,2,3,2.2,1,6.0,0,16.0,1,16.0,396,76.0,161.2,191.0,1,0,0,8,5,2,1080,2340,1,1,1,0,0,0,1,1,0,0,11,0,0,0,0,0,0,0,0,0,0,0,1,0,0,0,0,0,9.679718805828
122,3700,6.4,1,128,1,1,1,0,1,2.0,1,1,0,256,25000,1,1,1,1,1,1,1,0,2,3,2.2,1,8.0,0,20.0,1,25.0,394,74.6,157.6,183.0,1,0,1,1,4,2,1080,2280,1,1,1,0,0,0,1,1,0,0,11,0,0,0,0,0,0,0,0,0,0,0,1,0,0,0,0,0,10.126631103850338
123,3260,6.22,1,32,1,1,0,0,0,2.0,1,1,0,256,8499,1,1,1,1,1,2,1,0,2,2,2.0,1,4.0,0,13.0,1,5.0,270,155.1,75.0,146.5,0,0,1,6,4,1,1520,720,0,0,1,0,0,0,0,1,0,0,15,0,0,0,0,0,0,0,0,0,0,0,0,0,0,0,1,0,9.047703788498627
124,3260,6.22,1,32,1,1,1,0,0,2.0,1,1,0,256,9790,1,1,1,1,1,2,1,0,2,2,2.0,1,3.0,0,13.0,1,5.0,270,155.1,75.0,146.5,0,0,1,6,4,1,1520,720,0,0,1,0,0,0,0,1,0,0,15,0,0,0,0,0,0,0,0,0,0,0,0,0,0,0,1,0,9.189116735524555
125,3260,6.22,1,32,1,1,0,0,0,2.0,1,1,0,256,8499,1,1,1,1,1,2,1,0,2,2,2.0,1,4.0,0,13.0,1,5.0,270,155.1,75.0,146.5,0,0,1,6,4,1,1520,720,0,0,1,0,0,0,0,1,0,0,15,0,0,0,0,0,0,0,0,0,0,0,0,0,0,0,1,0,9.047703788498627
126,3260,6.22,1,32,1,1,1,0,0,2.0,1,1,0,256,9790,1,1,1,1,1,2,1,0,2,2,2.0,1,3.0,0,13.0,1,5.0,270,155.1,75.0,146.5,0,0,1,6,4,1,1520,720,0,0,1,0,0,0,0,1,0,0,15,0,0,0,0,0,0,0,0,0,0,0,0,0,0,0,1,0,9.189116735524555
127,4085,6.67,1,256,1,1,1,0,1,2.0,1,1,0,0,53988,1,1,1,1,1,1,1,0,2,3,2.96,1,8.0,0,48.0,0,16.0,516,75.9,162.6,206.0,1,0,0,10,5,3,1440,3120,1,1,1,0,0,0,1,1,0,1,10,0,0,0,0,0,0,0,0,0,0,1,0,0,0,0,0,0,10.896517078629172
128,2691,5.5,1,64,1,0,1,1,1,1.0,1,1,0,0,48900,1,1,1,1,1,0,1,1,1,0,2.39,1,3.0,0,12.0,1,7.0,401,78.1,158.4,202.0,1,0,0,11,3,2,1080,1920,1,1,1,0,0,0,1,1,0,0,0,1,0,0,0,0,0,0,0,0,0,0,0,0,0,0,0,0,10.797532675462964
129,2691,5.5,1,256,1,0,1,1,1,1.0,1,1,0,0,48900,1,1,1,1,1,0,1,1,1,0,2.39,1,3.0,0,12.0,1,7.0,401,78.1,158.4,202.0,1,0,0,11,3,2,1080,1920,1,1,1,0,0,0,1,1,0,0,0,1,0,0,0,0,0,0,0,0,0,0,0,0,0,0,0,0,10.797532675462964
130,4500,6.38,1,128,1,1,1,0,0,2.0,1,0,0,0,17499,1,1,1,1,1,2,1,0,2,2,2.0,1,6.0,1,16.0,1,32.0,404,75.2,159.5,179.0,1,0,1,5,5,3,1080,2340,1,1,1,0,0,0,1,1,0,0,15,0,0,0,0,0,0,0,0,0,0,0,0,0,0,0,1,0,9.769899015421748
131,4500,6.38,1,128,1,1,1,0,0,2.0,1,0,0,0,17990,1,1,1,1,1,2,1,0,2,2,2.0,1,6.0,1,16.0,1,32.0,404,75.2,159.5,179.0,1,0,1,5,5,3,1080,2340,1,1,1,0,0,0,1,1,0,0,15,0,0,0,0,0,0,0,0,0,0,0,0,0,0,0,1,0,9.79757132694458
132,4500,6.38,1,128,1,1,1,0,0,2.0,1,0,0,0,15649,1,1,1,1,1,2,1,0,2,2,2.0,1,4.0,1,16.0,1,32.0,404,75.2,159.5,179.0,1,0,1,5,5,3,1080,2340,1,1,1,0,0,0,1,1,0,0,15,0,0,0,0,0,0,0,0,0,0,0,0,0,0,0,1,0,9.658162296163171
133,4500,6.38,1,128,1,1,1,0,0,2.0,1,0,0,0,17499,1,1,1,1,1,2,1,0,2,2,2.0,1,6.0,1,16.0,1,32.0,404,75.2,159.5,179.0,1,0,1,5,5,3,1080,2340,1,1,1,0,0,0,1,1,0,0,15,0,0,0,0,0,0,0,0,0,0,0,0,0,0,0,1,0,9.769899015421748
134,4500,6.38,1,128,1,1,1,0,0,2.0,1,0,0,0,17990,1,1,1,1,1,2,1,0,2,2,2.0,1,6.0,1,16.0,1,32.0,404,75.2,159.5,179.0,1,0,1,5,5,3,1080,2340,1,1,1,0,0,0,1,1,0,0,15,0,0,0,0,0,0,0,0,0,0,0,0,0,0,0,1,0,9.79757132694458
135,4500,6.38,1,128,1,1,1,0,0,2.0,1,0,0,0,15649,1,1,1,1,1,2,1,0,2,2,2.0,1,4.0,1,16.0,1,32.0,404,75.2,159.5,179.0,1,0,1,5,5,3,1080,2340,1,1,1,0,0,0,1,1,0,0,15,0,0,0,0,0,0,0,0,0,0,0,0,0,0,0,1,0,9.658162296163171
136,4500,6.38,1,64,1,1,1,0,0,2.0,1,0,0,0,17499,1,1,1,1,1,2,1,0,2,2,2.0,1,6.0,1,16.0,1,32.0,404,75.2,159.5,179.0,1,0,1,5,5,3,1080,2340,1,1,1,0,0,0,1,1,0,0,15,0,0,0,0,0,0,0,0,0,0,0,0,0,0,0,1,0,9.769899015421748
137,4500,6.38,1,64,1,1,1,0,0,2.0,1,0,0,0,17990,1,1,1,1,1,2,1,0,2,2,2.0,1,6.0,1,16.0,1,32.0,404,75.2,159.5,179.0,1,0,1,5,5,3,1080,2340,1,1,1,0,0,0,1,1,0,0,15,0,0,0,0,0,0,0,0,0,0,0,0,0,0,0,1,0,9.79757132694458
138,4500,6.38,1,64,1,1,1,0,0,2.0,1,0,0,0,15649,1,1,1,1,1,2,1,0,2,2,2.0,1,4.0,1,16.0,1,32.0,404,75.2,159.5,179.0,1,0,1,5,5,3,1080,2340,1,1,1,0,0,0,1,1,0,0,15,0,0,0,0,0,0,0,0,0,0,0,0,0,0,0,1,0,9.658162296163171
139,3410,6.0,1,64,1,1,0,0,0,2.0,1,1,0,256,10299,1,1,1,1,1,2,1,0,2,2,2.0,1,4.0,1,13.0,1,8.0,402,75.2,156.5,155.0,0,0,1,8,4,1,1080,2160,1,1,1,0,0,0,1,1,0,0,12,0,0,0,0,0,0,0,0,0,0,0,0,1,0,0,0,0,9.239802082125802
140,3410,6.0,1,32,1,1,0,0,0,2.0,1,1,0,256,10299,1,1,1,1,1,2,1,0,2,2,2.0,1,4.0,1,13.0,1,8.0,402,75.2,156.5,155.0,0,0,1,8,4,1,1080,2160,1,1,1,0,0,0,1,1,0,0,12,0,0,0,0,0,0,0,0,0,0,0,0,1,0,0,0,0,9.239802082125802
141,3410,6.0,1,128,1,1,0,0,0,2.0,1,1,0,256,10299,1,1,1,1,1,2,1,0,2,2,2.0,1,4.0,1,13.0,1,8.0,402,75.2,156.5,155.0,0,0,1,8,4,1,1080,2160,1,1,1,0,0,0,1,1,0,0,12,0,0,0,0,0,0,0,0,0,0,0,0,1,0,0,0,0,9.239802082125802
142,4000,6.5,1,256,1,1,1,0,1,2.0,1,1,0,0,33999,1,1,1,1,1,1,1,0,2,3,2.96,1,12.0,0,64.0,0,16.0,402,75.7,161.0,199.0,1,0,0,10,5,4,1080,2400,1,0,1,1,0,0,1,1,0,0,12,0,0,0,0,0,0,0,0,0,0,0,0,1,0,0,0,0,10.434086391401058
143,4000,6.5,1,256,1,1,1,0,1,2.0,1,1,0,0,28959,1,1,1,1,1,1,1,0,2,3,2.96,1,8.0,0,64.0,0,16.0,402,75.7,161.0,199.0,1,0,0,10,5,4,1080,2400,1,0,1,1,0,0,1,1,0,0,12,0,0,0,0,0,0,0,0,0,0,0,0,1,0,0,0,0,10.273636315516725
144,4000,6.5,1,256,1,1,1,0,1,2.0,1,1,0,0,27999,1,1,1,1,1,1,1,0,2,3,2.96,1,6.0,0,64.0,0,16.0,402,75.7,161.0,199.0,1,0,0,10,5,4,1080,2400,1,0,1,1,0,0,1,1,0,0,12,0,0,0,0,0,0,0,0,0,0,0,0,1,0,0,0,0,10.239924074233857
145,4000,6.5,1,64,1,1,1,0,1,2.0,1,1,0,0,33999,1,1,1,1,1,1,1,0,2,3,2.96,1,12.0,0,64.0,0,16.0,402,75.7,161.0,199.0,1,0,0,10,5,4,1080,2400,1,0,1,1,0,0,1,1,0,0,12,0,0,0,0,0,0,0,0,0,0,0,0,1,0,0,0,0,10.434086391401058
146,4000,6.5,1,64,1,1,1,0,1,2.0,1,1,0,0,28959,1,1,1,1,1,1,1,0,2,3,2.96,1,8.0,0,64.0,0,16.0,402,75.7,161.0,199.0,1,0,0,10,5,4,1080,2400,1,0,1,1,0,0,1,1,0,0,12,0,0,0,0,0,0,0,0,0,0,0,0,1,0,0,0,0,10.273636315516725
147,4000,6.5,1,64,1,1,1,0,1,2.0,1,1,0,0,27999,1,1,1,1,1,1,1,0,2,3,2.96,1,6.0,0,64.0,0,16.0,402,75.7,161.0,199.0,1,0,0,10,5,4,1080,2400,1,0,1,1,0,0,1,1,0,0,12,0,0,0,0,0,0,0,0,0,0,0,0,1,0,0,0,0,10.239924074233857
148,5000,6.53,1,128,1,1,1,0,0,2.0,1,1,0,256,13800,1,1,1,1,1,2,1,0,2,2,2.0,1,4.0,1,16.0,1,16.0,395,76.5,162.2,193.0,1,0,1,9,5,3,1080,2340,1,1,1,0,0,0,0,1,0,0,15,0,0,0,0,0,0,0,0,0,0,0,0,0,0,0,1,0,9.532423871145296
149,4100,6.44,1,128,1,1,1,0,0,2.0,1,1,0,0,25950,1,1,1,1,1,1,1,0,2,3,2.0,1,8.0,0,48.0,0,32.0,414,74.7,159.0,201.8,1,0,0,11,5,4,1080,2400,1,1,1,0,0,0,1,1,0,0,15,0,0,0,0,0,0,0,0,0,0,0,0,0,0,0,1,0,10.163926888594034
150,4315,6.56,1,128,1,1,1,0,0,2.0,1,1,1,0,36990,1,1,1,1,1,1,1,0,2,3,2.96,1,8.0,1,64.0,1,32.0,396,72.8,158.46,181.5,1,0,0,6,6,4,1080,2340,1,1,1,0,0,0,1,1,0,0,15,0,0,0,0,0,0,0,0,0,0,0,0,0,0,0,1,0,10.5184028848265
151,3000,5.8,1,64,1,1,1,1,1,2.0,1,1,0,400,26999,1,1,1,1,1,1,1,0,2,5,2.8,1,4.0,1,12.0,0,8.0,568,68.7,147.69,163.0,1,0,1,7,4,1,1440,2960,1,1,1,0,0,0,1,1,0,0,13,0,0,0,0,0,0,0,0,0,0,0,0,0,1,0,0,0,10.203555107263542
152,3000,5.8,1,128,1,1,1,1,1,2.0,1,1,0,400,26999,1,1,1,1,1,1,1,0,2,5,2.8,1,4.0,1,12.0,0,8.0,568,68.7,147.69,163.0,1,0,1,7,4,1,1440,2960,1,1,1,0,0,0,1,1,0,0,13,0,0,0,0,0,0,0,0,0,0,0,0,0,1,0,0,0,10.203555107263542
153,4000,5.99,1,32,1,1,1,0,0,2.0,1,1,0,0,8148,1,1,1,1,1,2,1,0,2,3,2.0,1,4.0,1,12.0,0,5.0,403,75.5,158.5,180.0,0,0,1,3,4,1,1080,2160,1,1,1,0,0,0,1,1,0,0,16,0,0,0,0,0,0,0,0,0,0,0,0,0,0,0,0,1,9.005527777346696
154,4000,5.99,1,64,1,1,1,0,0,2.0,1,1,0,0,8148,1,1,1,1,1,2,1,0,2,3,2.0,1,4.0,1,12.0,0,5.0,403,75.5,158.5,180.0,0,0,1,3,4,1,1080,2160,1,1,1,0,0,0,1,1,0,0,16,0,0,0,0,0,0,0,0,0,0,0,0,0,0,0,0,1,9.005527777346696
155,4000,6.39,0,128,1,1,1,0,0,2.0,1,0,0,0,24999,1,1,1,1,1,1,1,0,2,3,2.8,1,6.0,1,48.0,0,20.0,403,74.3,156.7,191.0,1,0,0,8,5,3,1080,2340,1,1,1,0,0,0,1,1,1,0,16,0,0,0,0,0,0,0,0,0,0,0,0,0,0,0,0,1,10.126591103050316
156,4000,6.39,0,128,1,1,1,0,0,2.0,1,0,0,0,27999,1,1,1,1,1,1,1,0,2,3,2.8,1,8.0,1,48.0,0,20.0,403,74.3,156.7,191.0,1,0,0,8,5,3,1080,2340,1,1,1,0,0,0,1,1,1,0,16,0,0,0,0,0,0,0,0,0,0,0,0,0,0,0,0,1,10.239924074233857
157,4000,6.39,0,256,1,1,1,0,0,2.0,1,0,0,0,24999,1,1,1,1,1,1,1,0,2,3,2.8,1,6.0,1,48.0,0,20.0,403,74.3,156.7,191.0,1,0,0,8,5,3,1080,2340,1,1,1,0,0,0,1,1,1,0,16,0,0,0,0,0,0,0,0,0,0,0,0,0,0,0,0,1,10.126591103050316
158,4000,6.39,0,256,1,1,1,0,0,2.0,1,0,0,0,27999,1,1,1,1,1,1,1,0,2,3,2.8,1,8.0,1,48.0,0,20.0,403,74.3,156.7,191.0,1,0,0,8,5,3,1080,2340,1,1,1,0,0,0,1,1,1,0,16,0,0,0,0,0,0,0,0,0,0,0,0,0,0,0,0,1,10.239924074233857
159,3315,6.3,1,64,1,1,1,0,0,2.0,1,1,0,256,14050,1,1,1,1,1,2,1,0,2,2,2.0,1,6.0,1,16.0,1,25.0,409,75.63,155.97,163.7,0,0,1,11,4,2,1080,2280,1,1,1,0,0,0,0,1,0,0,15,0,0,0,0,0,0,0,0,0,0,0,0,0,0,0,1,0,9.550377674761892
160,4000,6.3,1,64,1,1,1,0,0,2.0,1,1,0,256,15084,1,1,1,1,1,1,1,0,2,3,2.2,1,6.0,1,48.0,1,13.0,403,75.2,159.2,186.0,1,0,1,4,5,2,2340,1080,1,1,1,0,0,0,1,1,0,0,16,0,0,0,0,0,0,0,0,0,0,0,0,0,0,0,0,1,9.621389858378247
161,4000,6.3,1,64,1,1,1,0,0,2.0,1,1,0,256,9750,1,1,1,1,1,1,1,0,2,3,2.2,1,4.0,1,12.0,1,13.0,403,75.2,159.2,186.0,1,0,1,4,5,2,2340,1080,1,1,1,0,0,0,1,1,0,0,16,0,0,0,0,0,0,0,0,0,0,0,0,0,0,0,0,1,9.185022563991893
162,4000,6.3,1,64,1,1,1,0,0,2.0,1,1,0,256,9150,1,1,1,1,1,1,1,0,2,3,2.2,1,3.0,1,12.0,1,13.0,403,75.2,159.2,186.0,1,0,1,4,5,2,2340,1080,1,1,1,0,0,0,1,1,0,0,16,0,0,0,0,0,0,0,0,0,0,0,0,0,0,0,0,1,9.121509158269568
163,4000,6.3,1,32,1,1,1,0,0,2.0,1,1,0,256,15084,1,1,1,1,1,1,1,0,2,3,2.2,1,6.0,1,48.0,1,13.0,403,75.2,159.2,186.0,1,0,1,4,5,2,2340,1080,1,1,1,0,0,0,1,1,0,0,16,0,0,0,0,0,0,0,0,0,0,0,0,0,0,0,0,1,9.621389858378247
164,4000,6.3,1,32,1,1,1,0,0,2.0,1,1,0,256,9750,1,1,1,1,1,1,1,0,2,3,2.2,1,4.0,1,12.0,1,13.0,403,75.2,159.2,186.0,1,0,1,4,5,2,2340,1080,1,1,1,0,0,0,1,1,0,0,16,0,0,0,0,0,0,0,0,0,0,0,0,0,0,0,0,1,9.185022563991893
165,4000,6.3,1,32,1,1,1,0,0,2.0,1,1,0,256,9150,1,1,1,1,1,1,1,0,2,3,2.2,1,3.0,1,12.0,1,13.0,403,75.2,159.2,186.0,1,0,1,4,5,2,2340,1080,1,1,1,0,0,0,1,1,0,0,16,0,0,0,0,0,0,0,0,0,0,0,0,0,0,0,0,1,9.121509158269568
166,4000,5.84,1,32,1,1,1,0,0,2.0,1,1,0,256,8999,1,1,1,1,1,2,1,0,2,3,2.0,1,4.0,1,12.0,0,5.0,432,71.7,149.3,178.0,0,0,1,11,4,2,1080,2280,1,1,1,0,0,0,1,1,0,0,16,0,0,0,0,0,0,0,0,0,0,0,0,0,0,0,0,1,9.104868739033948
167,4000,5.84,1,32,1,1,1,0,0,2.0,1,1,0,256,7890,1,1,1,1,1,2,1,0,2,3,2.0,1,3.0,1,12.0,0,5.0,432,71.7,149.3,178.0,0,0,1,11,4,2,1080,2280,1,1,1,0,0,0,1,1,0,0,16,0,0,0,0,0,0,0,0,0,0,0,0,0,0,0,0,1,8.97335141383992
168,4000,6.5,1,128,1,1,1,0,1,2.0,1,1,0,512,22990,1,1,1,1,1,1,1,0,2,5,2.3,1,6.0,1,48.0,1,32.0,405,73.6,158.5,172.0,1,0,1,4,6,4,1080,2400,1,1,1,0,0,0,1,1,0,0,13,0,0,0,0,0,0,0,0,0,0,0,0,0,1,0,0,0,10.042814617757227
169,3700,6.7,1,128,1,1,1,0,0,2.0,1,1,0,0,37900,1,1,1,1,1,1,1,0,2,3,2.2,1,8.0,1,48.0,1,0.0,393,76.5,165.2,220.0,1,0,0,0,5,3,1080,2400,1,1,1,0,0,0,1,1,0,0,13,0,0,0,0,0,0,0,0,0,0,0,0,0,1,0,0,0,10.542706391070517
170,4035,6.3,1,64,1,1,1,0,0,2.0,1,1,0,256,13785,1,1,1,1,1,1,1,0,2,3,2.3,1,6.0,1,48.0,1,16.0,409,74.2,157.0,184.0,1,0,1,1,5,4,1080,2340,1,1,1,0,0,0,1,1,0,0,12,0,0,0,0,0,0,0,0,0,0,0,0,1,0,0,0,0,9.531336323457896
171,4035,6.3,1,64,1,1,1,0,0,2.0,1,1,0,256,12980,1,1,1,1,1,1,1,0,2,3,2.3,1,4.0,1,48.0,1,16.0,409,74.2,157.0,184.0,1,0,1,1,5,4,1080,2340,1,1,1,0,0,0,1,1,0,0,12,0,0,0,0,0,0,0,0,0,0,0,0,1,0,0,0,0,9.471164990258082
172,4035,6.3,1,64,1,1,1,0,0,2.0,1,1,0,256,15793,1,1,1,1,1,1,1,0,2,3,2.3,1,8.0,1,48.0,1,16.0,409,74.2,157.0,184.0,1,0,1,1,5,4,1080,2340,1,1,1,0,0,0,1,1,0,0,12,0,0,0,0,0,0,0,0,0,0,0,0,1,0,0,0,0,9.667322082870054
173,4035,6.3,1,128,1,1,1,0,0,2.0,1,1,0,256,13785,1,1,1,1,1,1,1,0,2,3,2.3,1,6.0,1,48.0,1,16.0,409,74.2,157.0,184.0,1,0,1,1,5,4,1080,2340,1,1,1,0,0,0,1,1,0,0,12,0,0,0,0,0,0,0,0,0,0,0,0,1,0,0,0,0,9.531336323457896
174,4035,6.3,1,128,1,1,1,0,0,2.0,1,1,0,256,12980,1,1,1,1,1,1,1,0,2,3,2.3,1,4.0,1,48.0,1,16.0,409,74.2,157.0,184.0,1,0,1,1,5,4,1080,2340,1,1,1,0,0,0,1,1,0,0,12,0,0,0,0,0,0,0,0,0,0,0,0,1,0,0,0,0,9.471164990258082
175,4035,6.3,1,128,1,1,1,0,0,2.0,1,1,0,256,15793,1,1,1,1,1,1,1,0,2,3,2.3,1,8.0,1,48.0,1,16.0,409,74.2,157.0,184.0,1,0,1,1,5,4,1080,2340,1,1,1,0,0,0,1,1,0,0,12,0,0,0,0,0,0,0,0,0,0,0,0,1,0,0,0,0,9.667322082870054
176,4035,6.3,1,64,1,1,1,0,0,2.0,1,1,0,256,13785,1,1,1,1,1,1,1,0,2,3,2.3,1,6.0,1,48.0,1,16.0,409,74.2,157.0,184.0,1,0,1,1,5,4,1080,2340,1,1,1,0,0,0,1,1,0,0,12,0,0,0,0,0,0,0,0,0,0,0,0,1,0,0,0,0,9.531336323457896
177,4035,6.3,1,64,1,1,1,0,0,2.0,1,1,0,256,12980,1,1,1,1,1,1,1,0,2,3,2.3,1,4.0,1,48.0,1,16.0,409,74.2,157.0,184.0,1,0,1,1,5,4,1080,2340,1,1,1,0,0,0,1,1,0,0,12,0,0,0,0,0,0,0,0,0,0,0,0,1,0,0,0,0,9.471164990258082
178,4035,6.3,1,64,1,1,1,0,0,2.0,1,1,0,256,15793,1,1,1,1,1,1,1,0,2,3,2.3,1,8.0,1,48.0,1,16.0,409,74.2,157.0,184.0,1,0,1,1,5,4,1080,2340,1,1,1,0,0,0,1,1,0,0,12,0,0,0,0,0,0,0,0,0,0,0,0,1,0,0,0,0,9.667322082870054
179,5000,6.35,1,32,1,1,1,0,0,2.0,1,1,0,256,10989,1,1,1,1,1,2,1,0,2,3,2.0,1,4.0,1,13.0,1,8.0,270,76.77,159.43,191.0,1,0,1,11,5,3,720,1544,1,0,1,0,0,0,0,1,0,0,15,0,0,0,0,0,0,0,0,0,0,0,0,0,0,0,1,0,9.304650051446924
180,5000,6.35,1,32,1,1,1,0,0,2.0,1,1,0,256,8990,1,1,1,1,1,2,1,0,2,3,2.0,1,3.0,1,13.0,1,8.0,270,76.77,159.43,191.0,1,0,1,11,5,3,720,1544,1,0,1,0,0,0,0,1,0,0,15,0,0,0,0,0,0,0,0,0,0,0,0,0,0,0,1,0,9.103868127465667
181,5000,6.35,1,32,1,1,1,0,0,2.0,1,1,0,256,9489,1,1,1,1,1,2,1,0,2,3,2.0,1,3.0,1,13.0,1,8.0,270,76.77,159.43,191.0,1,0,1,11,5,3,720,1544,1,0,1,0,0,0,0,1,0,0,15,0,0,0,0,0,0,0,0,0,0,0,0,0,0,0,1,0,9.15788851197376
182,5000,6.35,1,64,1,1,1,0,0,2.0,1,1,0,256,10989,1,1,1,1,1,2,1,0,2,3,2.0,1,4.0,1,13.0,1,8.0,270,76.77,159.43,191.0,1,0,1,11,5,3,720,1544,1,0,1,0,0,0,0,1,0,0,15,0,0,0,0,0,0,0,0,0,0,0,0,0,0,0,1,0,9.304650051446924
183,5000,6.35,1,64,1,1,1,0,0,2.0,1,1,0,256,8990,1,1,1,1,1,2,1,0,2,3,2.0,1,3.0,1,13.0,1,8.0,270,76.77,159.43,191.0,1,0,1,11,5,3,720,1544,1,0,1,0,0,0,0,1,0,0,15,0,0,0,0,0,0,0,0,0,0,0,0,0,0,0,1,0,9.103868127465667
184,5000,6.35,1,64,1,1,1,0,0,2.0,1,1,0,256,9489,1,1,1,1,1,2,1,0,2,3,2.0,1,3.0,1,13.0,1,8.0,270,76.77,159.43,191.0,1,0,1,11,5,3,720,1544,1,0,1,0,0,0,0,1,0,0,15,0,0,0,0,0,0,0,0,0,0,0,0,0,0,0,1,0,9.15788851197376
185,4000,6.53,1,256,1,1,1,0,0,2.0,1,0,0,256,25990,1,1,1,1,1,1,1,0,2,2,2.2,1,8.0,0,48.0,1,16.0,394,76.0,162.0,195.0,1,0,1,1,5,4,1080,2340,1,1,1,0,0,0,1,1,0,0,11,0,0,0,0,0,0,0,0,0,0,0,1,0,0,0,0,0,10.165467127635536
186,3500,6.0,1,64,1,1,1,0,0,2.0,1,1,0,256,14990,1,1,1,1,1,2,1,0,2,3,1.8,1,4.0,1,16.0,0,16.0,274,75.7,159.2,177.0,0,0,1,8,4,2,720,1480,1,0,1,0,0,0,0,1,0,0,13,0,0,0,0,0,0,0,0,0,0,0,0,0,1,0,0,0,9.615138591096644
187,2750,5.5,1,16,1,0,1,0,1,1.0,1,1,0,0,39975,1,1,1,1,1,0,1,1,0,0,1.84,1,2.0,0,12.0,0,5.0,401,77.9,158.19,192.0,0,0,0,11,1,1,1080,1920,1,1,1,0,0,0,1,1,0,0,0,1,0,0,0,0,0,0,0,0,0,0,0,0,0,0,0,0,10.596009537702155
188,4000,6.4,1,128,1,1,1,0,1,2.0,0,1,0,512,19999,1,1,1,1,1,1,1,0,2,5,2.3,1,6.0,1,48.0,1,32.0,403,74.5,158.5,166.0,1,0,1,1,5,3,1080,2340,1,0,1,1,0,0,1,1,0,0,13,0,0,0,0,0,0,0,0,0,0,0,0,0,1,0,0,0,9.903437551286085
189,4000,6.4,1,128,1,1,1,0,1,2.0,0,1,0,512,17459,1,1,1,1,1,1,1,0,2,5,2.3,1,4.0,1,48.0,1,32.0,403,74.5,158.5,166.0,1,0,1,1,5,3,1080,2340,1,0,1,1,0,0,1,1,0,0,13,0,0,0,0,0,0,0,0,0,0,0,0,0,1,0,0,0,9.767610553984774
190,4000,6.4,1,128,1,1,1,0,1,2.0,0,1,0,512,19999,1,1,1,1,1,1,1,0,2,5,2.3,1,6.0,1,48.0,1,32.0,403,74.5,158.5,166.0,1,0,1,1,5,3,1080,2340,1,0,1,1,0,0,1,1,0,0,13,0,0,0,0,0,0,0,0,0,0,0,0,0,1,0,0,0,9.903437551286085
191,4000,6.4,1,128,1,1,1,0,1,2.0,0,1,0,512,17459,1,1,1,1,1,1,1,0,2,5,2.3,1,4.0,1,48.0,1,32.0,403,74.5,158.5,166.0,1,0,1,1,5,3,1080,2340,1,0,1,1,0,0,1,1,0,0,13,0,0,0,0,0,0,0,0,0,0,0,0,0,1,0,0,0,9.767610553984774
192,3600,5.5,1,32,1,0,1,0,1,2.0,1,1,0,200,27999,1,1,1,1,1,2,1,0,2,5,2.3,1,4.0,0,12.0,1,5.0,534,72.59,150.9,157.0,0,0,1,3,2,1,1440,2560,1,1,1,0,0,0,1,1,0,0,13,0,0,0,0,0,0,0,0,0,0,0,0,0,1,0,0,0,10.239924074233857
193,4000,6.4,1,64,1,0,1,0,1,2.0,1,1,0,512,15999,1,1,1,1,1,1,1,0,2,5,1.6,1,4.0,1,25.0,1,16.0,268,74.7,158.5,169.0,1,0,1,1,5,3,720,1560,1,0,1,1,0,0,1,1,0,0,13,0,0,0,0,0,0,0,0,0,0,0,0,0,1,0,0,0,9.680281499268713
194,4000,6.4,1,64,1,0,1,0,1,2.0,1,1,0,512,14859,1,1,1,1,1,1,1,0,2,5,1.6,1,4.0,1,25.0,1,16.0,268,74.7,158.5,169.0,1,0,1,1,5,3,720,1560,1,0,1,1,0,0,1,1,0,0,13,0,0,0,0,0,0,0,0,0,0,0,0,0,1,0,0,0,9.606361021256347
195,4200,6.47,1,256,1,1,1,1,1,2.0,1,1,0,256,55649,1,1,1,1,1,1,1,0,2,1,2.6,1,8.0,0,40.0,1,32.0,398,72.0,158.0,192.0,1,0,1,7,5,4,1080,2340,1,1,1,0,0,0,1,1,0,0,3,0,0,0,1,0,0,0,0,0,0,0,0,0,0,0,0,0,10.926819387090307
196,4230,6.2,1,64,1,1,1,0,0,2.0,1,0,0,256,7999,1,1,1,1,1,2,1,0,2,2,2.1,1,3.0,1,13.0,1,13.0,271,75.6,156.1,175.0,0,0,1,7,5,2,1520,720,1,0,1,1,0,1,0,1,0,0,12,0,0,0,0,0,0,0,0,0,0,0,0,1,0,0,0,0,8.987071812848821
197,4230,6.2,1,64,1,1,1,0,0,2.0,1,0,0,256,8999,1,1,1,1,1,2,1,0,2,2,2.1,1,4.0,1,13.0,1,13.0,270,75.6,156.1,175.0,0,0,1,7,5,2,720,1520,1,1,1,0,0,0,0,1,0,0,12,0,0,0,0,0,0,0,0,0,0,0,0,1,0,0,0,0,9.104868739033948
198,4230,6.2,1,64,1,1,1,0,0,2.0,1,0,0,256,6999,1,1,1,1,1,2,1,0,2,2,2.1,1,3.0,1,13.0,1,13.0,271,75.6,156.1,175.0,0,0,1,7,5,2,1520,720,1,0,1,1,0,1,0,1,0,0,12,0,0,0,0,0,0,0,0,0,0,0,0,1,0,0,0,0,8.85352256068954
199,4230,6.2,1,32,1,1,1,0,0,2.0,1,0,0,256,7999,1,1,1,1,1,2,1,0,2,2,2.1,1,3.0,1,13.0,1,13.0,271,75.6,156.1,175.0,0,0,1,7,5,2,1520,720,1,0,1,1,0,1,0,1,0,0,12,0,0,0,0,0,0,0,0,0,0,0,0,1,0,0,0,0,8.987071812848821
200,4230,6.2,1,32,1,1,1,0,0,2.0,1,0,0,256,8999,1,1,1,1,1,2,1,0,2,2,2.1,1,4.0,1,13.0,1,13.0,270,75.6,156.1,175.0,0,0,1,7,5,2,720,1520,1,1,1,0,0,0,0,1,0,0,12,0,0,0,0,0,0,0,0,0,0,0,0,1,0,0,0,0,9.104868739033948
201,4230,6.2,1,32,1,1,1,0,0,2.0,1,0,0,256,6999,1,1,1,1,1,2,1,0,2,2,2.1,1,3.0,1,13.0,1,13.0,271,75.6,156.1,175.0,0,0,1,7,5,2,1520,720,1,0,1,1,0,1,0,1,0,0,12,0,0,0,0,0,0,0,0,0,0,0,0,1,0,0,0,0,8.85352256068954
202,4230,6.2,1,64,1,1,1,0,0,2.0,1,0,0,256,7999,1,1,1,1,1,2,1,0,2,2,2.1,1,3.0,1,13.0,1,13.0,271,75.6,156.1,175.0,0,0,1,7,5,2,1520,720,1,0,1,1,0,1,0,1,0,0,12,0,0,0,0,0,0,0,0,0,0,0,0,1,0,0,0,0,8.987071812848821
203,4230,6.2,1,64,1,1,1,0,0,2.0,1,0,0,256,8999,1,1,1,1,1,2,1,0,2,2,2.1,1,4.0,1,13.0,1,13.0,270,75.6,156.1,175.0,0,0,1,7,5,2,720,1520,1,1,1,0,0,0,0,1,0,0,12,0,0,0,0,0,0,0,0,0,0,0,0,1,0,0,0,0,9.104868739033948
204,4230,6.2,1,64,1,1,1,0,0,2.0,1,0,0,256,6999,1,1,1,1,1,2,1,0,2,2,2.1,1,3.0,1,13.0,1,13.0,271,75.6,156.1,175.0,0,0,1,7,5,2,1520,720,1,0,1,1,0,1,0,1,0,0,12,0,0,0,0,0,0,0,0,0,0,0,0,1,0,0,0,0,8.85352256068954
205,3000,6.1,1,16,1,1,0,0,0,2.0,1,1,0,256,5279,1,1,1,1,1,2,1,0,3,2,2.0,1,2.0,1,8.0,0,5.0,273,75.2,159.2,191.0,0,1,1,1,5,1,720,1500,1,0,1,0,0,0,0,1,0,0,14,0,0,0,0,0,0,0,0,0,0,0,0,0,0,1,0,0,8.571491964823617
206,3000,5.5,1,32,1,0,1,0,1,2.0,1,1,0,128,9999,1,1,1,1,1,1,1,0,2,3,2.2,1,4.0,1,16.0,0,8.0,401,75.8,148.8,172.0,1,0,1,4,4,1,1080,1920,1,1,1,0,0,0,1,1,0,0,9,0,0,0,0,0,0,0,0,0,1,0,0,0,0,0,0,0,9.21024036697585
207,3300,6.3,1,64,1,1,1,1,1,2.0,1,1,0,256,49999,1,1,1,1,1,1,1,0,2,5,2.3,1,6.0,0,12.0,0,8.0,522,74.59,162.5,195.0,1,0,1,1,3,2,1440,2960,1,1,1,0,0,1,1,1,0,0,13,0,0,0,0,0,0,0,0,0,0,0,0,0,1,0,0,0,10.81975828421028
208,3300,5.7,1,32,1,0,1,0,0,2.0,1,1,0,128,5999,1,1,1,1,1,2,1,0,2,3,1.8,1,3.0,1,12.0,1,5.0,282,72.8,151.8,157.0,0,0,1,2,3,1,720,1440,1,1,1,0,0,0,1,1,0,0,16,0,0,0,0,0,0,0,0,0,0,0,0,0,0,0,0,1,8.699348067653093
209,3360,6.0,1,32,1,0,0,0,0,2.0,1,1,0,0,12990,1,1,1,1,1,2,1,0,3,3,1.4,1,4.0,1,13.0,1,5.0,268,75.7,155.9,150.0,0,0,1,0,4,1,720,1440,1,1,1,0,0,0,1,1,0,0,15,0,0,0,0,0,0,0,0,0,0,0,0,0,0,0,1,0,9.471935109664646
210,3360,6.0,1,16,1,0,0,0,0,2.0,1,1,0,0,12990,1,1,1,1,1,2,1,0,3,3,1.4,1,4.0,1,13.0,1,5.0,268,75.7,155.9,150.0,0,0,1,0,4,1,720,1440,1,1,1,0,0,0,1,1,0,0,15,0,0,0,0,0,0,0,0,0,0,0,0,0,0,0,1,0,9.471935109664646
211,4000,6.26,1,64,1,0,1,0,0,2.0,1,1,0,256,9487,1,1,1,1,1,2,1,0,2,3,1.8,1,4.0,1,12.0,0,20.0,403,76.4,157.9,182.0,1,0,1,11,4,2,1080,2280,1,1,1,0,0,0,1,1,0,0,16,0,0,0,0,0,0,0,0,0,0,0,0,0,0,0,0,1,9.157677719392877
212,4000,6.26,1,64,1,0,1,0,0,2.0,1,1,0,256,13266,1,1,1,1,1,2,1,0,2,3,1.8,1,3.0,1,12.0,0,20.0,403,76.4,157.9,182.0,1,0,1,11,4,2,1080,2280,1,1,1,0,0,0,1,1,0,0,16,0,0,0,0,0,0,0,0,0,0,0,0,0,0,0,0,1,9.492959650085501
213,4000,6.26,1,64,1,0,1,0,0,2.0,1,1,0,256,9487,1,1,1,1,1,2,1,0,2,3,1.8,1,4.0,1,12.0,0,20.0,403,76.4,157.9,182.0,1,0,1,11,4,2,1080,2280,1,1,1,0,0,0,1,1,0,0,16,0,0,0,0,0,0,0,0,0,0,0,0,0,0,0,0,1,9.157677719392877
214,4000,6.26,1,64,1,0,1,0,0,2.0,1,1,0,256,13266,1,1,1,1,1,2,1,0,2,3,1.8,1,3.0,1,12.0,0,20.0,403,76.4,157.9,182.0,1,0,1,11,4,2,1080,2280,1,1,1,0,0,0,1,1,0,0,16,0,0,0,0,0,0,0,0,0,0,0,0,0,0,0,0,1,9.492959650085501
215,5000,6.53,1,64,1,1,1,0,0,2.0,1,1,0,256,10990,1,1,1,1,1,2,1,0,2,3,2.0,1,4.0,1,16.0,1,16.0,395,76.47,162.15,193.0,1,0,1,9,5,3,1080,2340,1,1,1,0,0,0,0,1,0,0,15,0,0,0,0,0,0,0,0,0,0,0,0,0,0,0,1,0,9.304741047397666
216,3080,5.99,1,32,1,1,1,0,0,2.0,1,1,0,256,8490,1,1,1,1,1,2,1,0,2,3,2.0,1,3.0,1,12.0,0,16.0,269,77.3,160.7,170.0,0,0,1,6,4,2,720,1440,1,1,1,0,0,0,1,1,0,0,16,0,0,0,0,0,0,0,0,0,0,0,0,0,0,0,0,1,9.046644279305394
217,3080,5.99,1,32,1,1,1,0,0,2.0,1,1,0,256,9458,1,1,1,1,1,2,1,0,2,3,2.0,1,4.0,1,12.0,0,16.0,269,77.3,160.7,170.0,0,0,1,6,4,2,720,1440,1,1,1,0,0,0,1,1,0,0,16,0,0,0,0,0,0,0,0,0,0,0,0,0,0,0,0,1,9.15461622320382
218,3080,5.99,1,64,1,1,1,0,0,2.0,1,1,0,256,8490,1,1,1,1,1,2,1,0,2,3,2.0,1,3.0,1,12.0,0,16.0,269,77.3,160.7,170.0,0,0,1,6,4,2,720,1440,1,1,1,0,0,0,1,1,0,0,16,0,0,0,0,0,0,0,0,0,0,0,0,0,0,0,0,1,9.046644279305394
219,3080,5.99,1,64,1,1,1,0,0,2.0,1,1,0,256,9458,1,1,1,1,1,2,1,0,2,3,2.0,1,4.0,1,12.0,0,16.0,269,77.3,160.7,170.0,0,0,1,6,4,2,720,1440,1,1,1,0,0,0,1,1,0,0,16,0,0,0,0,0,0,0,0,0,0,0,0,0,0,0,0,1,9.15461622320382
220,2600,5.0,1,8,1,0,0,0,0,2.0,0,0,0,128,11390,1,1,1,1,0,2,1,0,3,3,1.2,1,1.5,1,13.0,1,5.0,294,73.0,142.0,149.0,0,1,1,6,1,1,720,1280,1,0,1,0,0,0,0,1,0,0,13,0,0,0,0,0,0,0,0,0,0,0,0,0,1,0,0,0,9.340491056441229
221,4030,6.22,1,16,1,1,0,0,0,2.0,1,0,0,512,6490,1,1,1,1,1,2,1,0,3,2,2.0,1,2.0,1,8.0,1,5.0,270,75.0,155.1,163.5,0,0,1,5,5,1,720,1520,1,1,1,0,0,0,0,1,0,0,15,0,0,0,0,0,0,0,0,0,0,0,0,0,0,0,1,0,8.778017809698136
222,4000,6.4,1,128,1,1,1,0,0,2.0,1,1,0,256,16969,1,1,1,1,1,1,1,0,2,3,2.2,1,4.0,0,64.0,1,32.0,402,75.2,158.7,182.0,1,0,1,2,5,4,1080,2340,1,1,1,0,0,0,1,1,0,0,12,0,0,0,0,0,0,0,0,0,0,0,0,1,0,0,0,0,9.739143428972826
223,4000,6.4,1,128,1,1,1,0,0,2.0,1,1,0,256,19799,1,1,1,1,1,1,1,0,2,3,2.2,1,8.0,0,64.0,1,32.0,402,75.2,158.7,182.0,1,0,1,2,5,4,1080,2340,1,1,1,0,0,0,1,1,0,0,12,0,0,0,0,0,0,0,0,0,0,0,0,1,0,0,0,0,9.8933867103567
224,4030,6.2,1,64,1,1,1,0,0,2.0,1,0,0,128,9999,1,1,1,1,1,2,1,0,2,2,2.0,1,3.0,1,13.0,1,8.0,407,75.1,155.1,163.5,0,0,1,10,4,2,1520,720,1,1,1,0,0,0,0,1,0,0,15,0,0,0,0,0,0,0,0,0,0,0,0,0,0,0,1,0,9.21024036697585
225,4030,6.2,1,32,1,1,1,0,0,2.0,1,0,0,128,9999,1,1,1,1,1,2,1,0,2,2,2.0,1,3.0,1,13.0,1,8.0,407,75.1,155.1,163.5,0,0,1,10,4,2,1520,720,1,1,1,0,0,0,0,1,0,0,15,0,0,0,0,0,0,0,0,0,0,0,0,0,0,0,1,0,9.21024036697585
226,6000,6.4,1,64,1,1,1,0,0,2.0,1,1,0,512,14999,1,1,1,1,1,1,1,0,2,5,2.3,1,6.0,1,48.0,1,16.0,411,75.1,159.0,188.0,1,0,1,11,5,3,1080,2280,1,0,1,1,0,0,1,1,0,0,13,0,0,0,0,0,0,0,0,0,0,0,0,0,1,0,0,0,9.61573881119536
227,6000,6.4,1,64,1,1,1,0,0,2.0,1,1,0,512,12999,1,1,1,1,1,1,1,0,2,5,2.3,1,4.0,1,48.0,1,16.0,411,75.1,159.0,188.0,1,0,1,11,5,3,1080,2280,1,0,1,1,0,0,1,1,0,0,13,0,0,0,0,0,0,0,0,0,0,0,0,0,1,0,0,0,9.47262771040802
228,3000,5.5,1,16,1,0,0,0,0,2.0,0,0,0,128,15725,1,1,1,1,1,2,1,0,2,5,1.5,1,1.5,1,13.0,1,5.0,267,79.09,152.19,169.0,0,1,1,6,1,1,720,1280,1,0,1,0,0,0,0,1,0,0,13,0,0,0,0,0,0,0,0,0,0,0,0,0,1,0,0,0,9.663007081568642
229,4000,6.59,1,128,1,1,1,0,1,2.0,1,1,0,512,15990,1,1,1,1,1,1,1,0,2,1,2.2,1,4.0,0,16.0,1,16.0,391,77.3,163.5,196.8,0,0,1,8,5,3,1080,2340,1,1,1,0,0,0,1,1,0,0,3,0,0,0,1,0,0,0,0,0,0,0,0,0,0,0,0,0,9.679718805828
230,4500,6.7,1,128,1,1,1,0,0,2.0,1,0,0,512,27999,1,1,1,1,1,1,1,0,2,3,2.0,1,8.0,1,64.0,1,32.0,393,75.2,159.2,191.0,1,0,1,11,5,3,1080,2400,1,1,1,0,0,0,1,1,0,0,13,0,0,0,0,0,0,0,0,0,0,0,0,0,1,0,0,0,10.239924074233857
231,4500,6.7,1,128,1,1,1,0,0,2.0,1,0,0,512,25999,1,1,1,1,1,1,1,0,2,3,2.0,1,6.0,1,64.0,1,32.0,393,75.2,159.2,191.0,1,0,1,11,5,3,1080,2400,1,1,1,0,0,0,1,1,0,0,13,0,0,0,0,0,0,0,0,0,0,0,0,0,1,0,0,0,10.165813354725493
232,4500,6.7,1,128,1,1,1,0,0,2.0,1,0,0,512,27999,1,1,1,1,1,1,1,0,2,3,2.0,1,8.0,1,64.0,1,32.0,393,75.2,159.2,191.0,1,0,1,11,5,3,1080,2400,1,1,1,0,0,0,1,1,0,0,13,0,0,0,0,0,0,0,0,0,0,0,0,0,1,0,0,0,10.239924074233857
233,4500,6.7,1,128,1,1,1,0,0,2.0,1,0,0,512,25999,1,1,1,1,1,1,1,0,2,3,2.0,1,6.0,1,64.0,1,32.0,393,75.2,159.2,191.0,1,0,1,11,5,3,1080,2400,1,1,1,0,0,0,1,1,0,0,13,0,0,0,0,0,0,0,0,0,0,0,0,0,1,0,0,0,10.165813354725493
234,3969,6.5,1,64,1,1,0,1,1,2.0,2,1,0,0,119999,1,1,1,1,1,0,1,1,1,0,2.65,1,4.0,0,12.0,1,12.0,458,77.8,158.0,226.0,1,0,0,11,5,3,1242,2688,1,0,1,1,0,0,1,1,0,0,0,1,0,0,0,0,0,0,0,0,0,0,0,0,0,0,0,0,11.695238688396127
235,3969,6.5,1,64,1,1,0,1,1,2.0,2,1,0,0,115499,1,1,1,1,1,0,1,1,1,0,2.65,1,4.0,0,12.0,1,12.0,458,77.8,158.0,226.0,1,0,0,11,5,3,1242,2688,1,0,1,1,0,0,1,1,0,0,0,1,0,0,0,0,0,0,0,0,0,0,0,0,0,0,0,0,11.657017150897847
236,3969,6.5,1,64,1,1,0,1,1,2.0,2,1,0,0,106900,1,1,1,1,1,0,1,1,1,0,2.65,1,4.0,0,12.0,1,12.0,458,77.8,158.0,226.0,1,0,0,11,5,3,1242,2688,1,0,1,1,0,0,1,1,0,0,0,1,0,0,0,0,0,0,0,0,0,0,0,0,0,0,0,0,11.579649097013137
237,3969,6.5,1,512,1,1,0,1,1,2.0,2,1,0,0,119999,1,1,1,1,1,0,1,1,1,0,2.65,1,4.0,0,12.0,1,12.0,458,77.8,158.0,226.0,1,0,0,11,5,3,1242,2688,1,0,1,1,0,0,1,1,0,0,0,1,0,0,0,0,0,0,0,0,0,0,0,0,0,0,0,0,11.695238688396127
238,3969,6.5,1,512,1,1,0,1,1,2.0,2,1,0,0,115499,1,1,1,1,1,0,1,1,1,0,2.65,1,4.0,0,12.0,1,12.0,458,77.8,158.0,226.0,1,0,0,11,5,3,1242,2688,1,0,1,1,0,0,1,1,0,0,0,1,0,0,0,0,0,0,0,0,0,0,0,0,0,0,0,0,11.657017150897847
239,3969,6.5,1,512,1,1,0,1,1,2.0,2,1,0,0,106900,1,1,1,1,1,0,1,1,1,0,2.65,1,4.0,0,12.0,1,12.0,458,77.8,158.0,226.0,1,0,0,11,5,3,1242,2688,1,0,1,1,0,0,1,1,0,0,0,1,0,0,0,0,0,0,0,0,0,0,0,0,0,0,0,0,11.579649097013137
240,4300,6.5,1,64,1,1,1,0,0,2.0,1,1,0,256,10990,1,1,1,1,1,1,1,0,2,3,2.2,1,4.0,0,48.0,1,20.0,403,74.8,162.1,191.0,1,0,1,7,6,4,1080,2340,1,0,1,0,0,0,1,1,0,0,12,0,0,0,0,0,0,0,0,0,0,0,0,1,0,0,0,0,9.304741047397666
241,3500,6.3,1,256,1,1,1,1,1,2.0,1,1,0,0,69999,1,1,1,1,1,1,1,0,2,3,2.73,1,8.0,1,16.0,1,10.0,401,71.8,151.0,168.0,1,0,1,1,5,3,1080,2280,1,1,1,0,0,1,1,1,0,0,13,0,0,0,0,0,0,0,0,0,0,0,0,0,1,0,0,0,11.156236235215168
242,2900,5.5,1,128,1,0,1,0,0,1.0,1,1,0,0,54999,1,1,1,1,1,0,1,1,3,0,2.34,1,3.0,0,12.0,1,7.0,401,77.9,158.19,188.0,0,0,0,11,2,2,1080,1920,1,1,1,0,0,0,1,1,0,0,0,1,0,0,0,0,0,0,0,0,0,0,0,0,0,0,0,0,10.915070282231135
243,2900,5.5,1,128,1,0,1,0,0,1.0,1,1,0,0,54990,1,1,1,1,1,0,1,1,3,0,2.34,1,3.0,0,12.0,1,7.0,401,77.9,158.19,188.0,0,0,0,11,2,2,1080,1920,1,1,1,0,0,0,1,1,0,0,0,1,0,0,0,0,0,0,0,0,0,0,0,0,0,0,0,0,10.91490662950186
244,2900,5.5,1,128,1,0,1,0,0,1.0,1,1,0,0,34999,1,1,1,1,1,0,1,1,3,0,2.34,1,3.0,0,12.0,1,7.0,401,77.9,158.19,188.0,0,0,0,11,2,2,1080,1920,1,1,1,0,0,0,1,1,0,0,0,1,0,0,0,0,0,0,0,0,0,0,0,0,0,0,0,0,10.463074768634808
245,4500,6.7,1,128,1,1,1,0,1,2.0,1,1,0,1000,39999,1,1,1,1,1,1,1,0,2,3,2.8,1,8.0,0,48.0,1,32.0,394,75.6,162.5,186.0,1,0,1,4,6,3,1080,2400,1,1,1,0,0,0,1,1,0,0,13,0,0,0,0,0,0,0,0,0,0,0,0,0,1,0,0,0,10.596609732783568
246,4500,6.38,1,64,1,1,1,0,0,2.0,1,1,0,0,15990,1,1,1,1,1,1,1,0,2,3,2.3,1,6.0,0,48.0,1,32.0,404,75.23,159.53,189.6,1,0,0,11,5,3,1080,2340,1,1,1,0,0,0,1,1,0,0,15,0,0,0,0,0,0,0,0,0,0,0,0,0,0,0,1,0,9.679718805828
247,4500,6.38,1,64,1,1,1,0,0,2.0,1,1,0,0,16990,1,1,1,1,1,1,1,0,2,3,2.3,1,6.0,0,48.0,1,32.0,404,75.23,159.53,189.6,1,0,0,11,5,3,1080,2340,1,1,1,0,0,0,1,1,0,0,15,0,0,0,0,0,0,0,0,0,0,0,0,0,0,0,1,0,9.740380214665977
248,4500,6.38,1,64,1,1,1,0,0,2.0,1,1,0,0,17990,1,1,1,1,1,1,1,0,2,3,2.3,1,8.0,0,48.0,1,32.0,404,75.23,159.53,189.6,1,0,0,11,5,3,1080,2340,1,1,1,0,0,0,1,1,0,0,15,0,0,0,0,0,0,0,0,0,0,0,0,0,0,0,1,0,9.79757132694458
249,4500,6.38,1,64,1,1,1,0,0,2.0,1,1,0,0,14990,1,1,1,1,1,1,1,0,2,3,2.3,1,4.0,0,48.0,1,32.0,404,75.23,159.53,189.6,1,0,0,11,5,3,1080,2340,1,1,1,0,0,0,1,1,0,0,15,0,0,0,0,0,0,0,0,0,0,0,0,0,0,0,1,0,9.615138591096644
250,4500,6.38,1,128,1,1,1,0,0,2.0,1,1,0,0,15990,1,1,1,1,1,1,1,0,2,3,2.3,1,6.0,0,48.0,1,32.0,404,75.23,159.53,189.6,1,0,0,11,5,3,1080,2340,1,1,1,0,0,0,1,1,0,0,15,0,0,0,0,0,0,0,0,0,0,0,0,0,0,0,1,0,9.679718805828
251,4500,6.38,1,128,1,1,1,0,0,2.0,1,1,0,0,16990,1,1,1,1,1,1,1,0,2,3,2.3,1,6.0,0,48.0,1,32.0,404,75.23,159.53,189.6,1,0,0,11,5,3,1080,2340,1,1,1,0,0,0,1,1,0,0,15,0,0,0,0,0,0,0,0,0,0,0,0,0,0,0,1,0,9.740380214665977
252,4500,6.38,1,128,1,1,1,0,0,2.0,1,1,0,0,17990,1,1,1,1,1,1,1,0,2,3,2.3,1,8.0,0,48.0,1,32.0,404,75.23,159.53,189.6,1,0,0,11,5,3,1080,2340,1,1,1,0,0,0,1,1,0,0,15,0,0,0,0,0,0,0,0,0,0,0,0,0,0,0,1,0,9.79757132694458
253,4500,6.38,1,128,1,1,1,0,0,2.0,1,1,0,0,14990,1,1,1,1,1,1,1,0,2,3,2.3,1,4.0,0,48.0,1,32.0,404,75.23,159.53,189.6,1,0,0,11,5,3,1080,2340,1,1,1,0,0,0,1,1,0,0,15,0,0,0,0,0,0,0,0,0,0,0,0,0,0,0,1,0,9.615138591096644
254,4500,6.38,1,128,1,1,1,0,0,2.0,1,1,0,0,15990,1,1,1,1,1,1,1,0,2,3,2.3,1,6.0,0,48.0,1,32.0,404,75.23,159.53,189.6,1,0,0,11,5,3,1080,2340,1,1,1,0,0,0,1,1,0,0,15,0,0,0,0,0,0,0,0,0,0,0,0,0,0,0,1,0,9.679718805828
255,4500,6.38,1,128,1,1,1,0,0,2.0,1,1,0,0,16990,1,1,1,1,1,1,1,0,2,3,2.3,1,6.0,0,48.0,1,32.0,404,75.23,159.53,189.6,1,0,0,11,5,3,1080,2340,1,1,1,0,0,0,1,1,0,0,15,0,0,0,0,0,0,0,0,0,0,0,0,0,0,0,1,0,9.740380214665977
256,4500,6.38,1,128,1,1,1,0,0,2.0,1,1,0,0,17990,1,1,1,1,1,1,1,0,2,3,2.3,1,8.0,0,48.0,1,32.0,404,75.23,159.53,189.6,1,0,0,11,5,3,1080,2340,1,1,1,0,0,0,1,1,0,0,15,0,0,0,0,0,0,0,0,0,0,0,0,0,0,0,1,0,9.79757132694458
257,4500,6.38,1,128,1,1,1,0,0,2.0,1,1,0,0,14990,1,1,1,1,1,1,1,0,2,3,2.3,1,4.0,0,48.0,1,32.0,404,75.23,159.53,189.6,1,0,0,11,5,3,1080,2340,1,1,1,0,0,0,1,1,0,0,15,0,0,0,0,0,0,0,0,0,0,0,0,0,0,0,1,0,9.615138591096644
258,5000,6.22,1,32,1,1,0,0,0,2.0,1,1,0,512,6999,1,1,1,1,1,1,1,0,2,3,2.0,1,3.0,1,12.0,1,8.0,269,75.4,156.3,188.0,1,0,1,11,5,1,720,1520,1,0,1,0,0,0,0,1,0,0,16,0,0,0,0,0,0,0,0,0,0,0,0,0,0,0,0,1,8.85352256068954
259,5000,6.22,1,32,1,1,0,0,0,2.0,1,1,0,512,6499,1,1,1,1,1,1,1,0,2,3,2.0,1,2.0,1,12.0,1,8.0,269,75.4,156.3,188.0,1,0,1,11,5,1,720,1520,1,0,1,0,0,0,0,1,0,0,16,0,0,0,0,0,0,0,0,0,0,0,0,0,0,0,0,1,8.77940359789435
260,5000,6.22,1,32,1,1,0,0,0,2.0,1,1,0,512,6999,1,1,1,1,1,1,1,0,2,3,2.0,1,3.0,1,12.0,1,8.0,269,75.4,156.3,188.0,1,0,1,11,5,1,720,1520,1,0,1,0,0,0,0,1,0,0,16,0,0,0,0,0,0,0,0,0,0,0,0,0,0,0,0,1,8.85352256068954
261,5000,6.22,1,32,1,1,0,0,0,2.0,1,1,0,512,6499,1,1,1,1,1,1,1,0,2,3,2.0,1,2.0,1,12.0,1,8.0,269,75.4,156.3,188.0,1,0,1,11,5,1,720,1520,1,0,1,0,0,0,0,1,0,0,16,0,0,0,0,0,0,0,0,0,0,0,0,0,0,0,0,1,8.77940359789435
262,4000,6.39,1,64,1,1,1,0,0,2.0,1,1,0,0,19995,1,1,1,1,1,1,1,0,2,3,2.2,1,6.0,0,48.0,0,20.0,403,74.3,156.7,191.0,1,0,0,8,5,3,1080,2340,1,1,1,0,0,0,1,1,1,0,16,0,0,0,0,0,0,0,0,0,0,0,0,0,0,0,0,1,9.90323752128092
263,4000,6.39,1,64,1,1,1,0,0,2.0,1,1,0,0,22999,1,1,1,1,1,1,1,0,2,3,2.2,1,6.0,0,48.0,0,20.0,403,74.3,156.7,191.0,1,0,0,8,5,3,1080,2340,1,1,1,0,0,0,1,1,1,0,16,0,0,0,0,0,0,0,0,0,0,0,0,0,0,0,0,1,10.043206015705211
264,4000,6.39,1,128,1,1,1,0,0,2.0,1,1,0,0,19995,1,1,1,1,1,1,1,0,2,3,2.2,1,6.0,0,48.0,0,20.0,403,74.3,156.7,191.0,1,0,0,8,5,3,1080,2340,1,1,1,0,0,0,1,1,1,0,16,0,0,0,0,0,0,0,0,0,0,0,0,0,0,0,0,1,9.90323752128092
265,4000,6.39,1,128,1,1,1,0,0,2.0,1,1,0,0,22999,1,1,1,1,1,1,1,0,2,3,2.2,1,6.0,0,48.0,0,20.0,403,74.3,156.7,191.0,1,0,0,8,5,3,1080,2340,1,1,1,0,0,0,1,1,1,0,16,0,0,0,0,0,0,0,0,0,0,0,0,0,0,0,0,1,10.043206015705211
266,3400,6.2,1,32,1,0,0,0,0,2.0,1,0,0,512,7990,1,1,1,1,1,2,1,0,2,5,1.6,1,2.0,0,13.0,1,5.0,271,75.6,155.6,168.0,0,0,1,3,5,1,720,1520,0,0,1,0,0,0,0,1,0,0,13,0,0,0,0,0,0,0,0,0,0,0,0,0,1,0,0,0,8.98594603876032
267,3000,5.45,1,32,1,1,0,0,0,2.0,1,1,0,256,5415,1,1,1,1,1,2,1,0,3,2,2.0,1,2.0,1,13.0,1,5.0,295,71.5,147.5,145.0,0,0,1,6,4,1,720,1440,1,1,1,0,0,0,0,1,0,0,16,0,0,0,0,0,0,0,0,0,0,0,0,0,0,0,0,1,8.596928159435091
268,3000,5.45,1,32,1,1,0,0,0,2.0,1,1,0,256,5199,1,1,1,1,1,2,1,0,3,2,2.0,1,2.0,1,13.0,1,5.0,295,71.5,147.5,145.0,0,0,1,6,4,1,1440,720,1,1,1,0,0,0,0,1,0,0,16,0,0,0,0,0,0,0,0,0,0,0,0,0,0,0,0,1,8.556221578383715
269,4050,6.3,1,64,1,1,1,0,0,2.0,1,1,0,256,11999,1,1,1,1,1,1,1,0,2,3,2.2,1,6.0,1,16.0,1,16.0,409,74.3,156.6,164.0,1,0,1,11,5,3,1080,2340,1,1,1,0,0,0,0,1,0,0,6,0,0,0,0,0,0,1,0,0,0,0,0,0,0,0,0,0,9.392578591964389
270,4000,6.4,1,32,1,0,1,0,0,2.0,1,0,0,512,10490,1,1,1,1,1,2,1,0,2,5,1.6,1,3.0,1,13.0,1,8.0,268,74.7,158.4,169.0,0,0,1,7,5,2,720,1560,0,1,1,0,0,0,0,1,0,0,13,0,0,0,0,0,0,0,0,0,0,0,0,0,1,0,0,0,9.258177701390343
271,4000,6.4,1,64,1,0,1,0,0,2.0,1,1,0,512,12490,1,1,1,1,1,1,1,0,2,5,1.8,1,4.0,1,16.0,1,16.0,403,74.5,158.5,191.0,1,0,1,3,5,2,1080,2340,0,1,1,0,0,0,0,1,0,0,13,0,0,0,0,0,0,0,0,0,0,0,0,0,1,0,0,0,9.432683603119623
272,4065,6.6,1,256,1,1,1,0,1,2.0,1,1,0,0,36990,1,1,1,1,1,1,1,0,2,3,2.8,1,6.0,0,48.0,1,16.0,387,77.2,162.0,215.0,1,0,1,0,5,3,1080,2340,1,0,1,1,1,0,1,1,0,1,11,0,0,0,0,0,0,0,0,0,0,0,1,0,0,0,0,0,10.5184028848265
273,4065,6.6,1,128,1,1,1,0,1,2.0,1,1,0,0,36990,1,1,1,1,1,1,1,0,2,3,2.8,1,6.0,0,48.0,1,16.0,387,77.2,162.0,215.0,1,0,1,0,5,3,1080,2340,1,0,1,1,1,0,1,1,0,1,11,0,0,0,0,0,0,0,0,0,0,0,1,0,0,0,0,0,10.5184028848265
274,3000,5.71,1,16,1,1,0,0,0,2.0,1,0,0,400,6187,1,1,1,1,1,2,1,0,3,2,2.0,1,3.0,1,13.0,1,5.0,295,70.6,146.0,153.0,0,1,1,6,5,1,720,1520,1,0,1,0,0,0,0,1,0,0,9,0,0,0,0,0,0,0,0,0,1,0,0,0,0,0,0,0,8.73020559553099
275,3000,5.71,1,16,1,1,0,0,0,2.0,1,0,0,400,5160,1,1,1,1,1,2,1,0,3,2,2.0,1,2.0,1,13.0,1,5.0,295,70.56,145.96,153.0,0,1,1,6,5,1,720,1520,1,0,1,0,0,0,0,1,0,0,9,0,0,0,0,0,0,0,0,0,1,0,0,0,0,0,0,0,8.548691858475609
276,3000,5.71,1,32,1,1,0,0,0,2.0,1,0,0,400,6187,1,1,1,1,1,2,1,0,3,2,2.0,1,3.0,1,13.0,1,5.0,295,70.6,146.0,153.0,0,1,1,6,5,1,720,1520,1,0,1,0,0,0,0,1,0,0,9,0,0,0,0,0,0,0,0,0,1,0,0,0,0,0,0,0,8.73020559553099
277,3000,5.71,1,32,1,1,0,0,0,2.0,1,0,0,400,5160,1,1,1,1,1,2,1,0,3,2,2.0,1,2.0,1,13.0,1,5.0,295,70.56,145.96,153.0,0,1,1,6,5,1,720,1520,1,0,1,0,0,0,0,1,0,0,9,0,0,0,0,0,0,0,0,0,1,0,0,0,0,0,0,0,8.548691858475609
278,4000,6.1,1,16,1,1,0,0,0,2.0,1,1,0,256,5999,1,1,1,1,1,2,1,0,2,2,2.0,1,2.0,0,13.0,1,5.0,282,73.7,154.3,166.0,0,0,1,0,5,2,1560,720,1,1,1,0,1,0,0,1,0,0,12,0,0,0,0,0,0,0,0,0,0,0,0,1,0,0,0,0,8.699348067653093
279,4000,6.1,1,16,1,1,0,0,0,2.0,1,1,0,256,7299,1,1,1,1,1,2,1,0,2,2,2.0,1,3.0,0,13.0,1,5.0,409,73.7,154.3,165.0,0,0,1,0,5,2,720,1560,1,1,1,0,1,0,0,1,0,0,12,0,0,0,0,0,0,0,0,0,0,0,0,1,0,0,0,0,8.895492631451633
280,4000,6.1,1,16,1,1,0,0,0,2.0,1,1,0,256,5999,1,1,1,1,1,2,1,0,2,2,2.0,1,2.0,0,13.0,1,5.0,282,73.7,154.3,166.0,0,0,1,0,5,2,1560,720,1,1,1,0,1,0,0,1,0,0,12,0,0,0,0,0,0,0,0,0,0,0,0,1,0,0,0,0,8.699348067653093
281,4000,6.1,1,32,1,1,0,0,0,2.0,1,1,0,256,5999,1,1,1,1,1,2,1,0,2,2,2.0,1,2.0,0,13.0,1,5.0,282,73.7,154.3,166.0,0,0,1,0,5,2,1560,720,1,1,1,0,1,0,0,1,0,0,12,0,0,0,0,0,0,0,0,0,0,0,0,1,0,0,0,0,8.699348067653093
282,4000,6.1,1,32,1,1,0,0,0,2.0,1,1,0,256,7299,1,1,1,1,1,2,1,0,2,2,2.0,1,3.0,0,13.0,1,5.0,409,73.7,154.3,165.0,0,0,1,0,5,2,720,1560,1,1,1,0,1,0,0,1,0,0,12,0,0,0,0,0,0,0,0,0,0,0,0,1,0,0,0,0,8.895492631451633
283,4000,6.1,1,32,1,1,0,0,0,2.0,1,1,0,256,5999,1,1,1,1,1,2,1,0,2,2,2.0,1,2.0,0,13.0,1,5.0,282,73.7,154.3,166.0,0,0,1,0,5,2,1560,720,1,1,1,0,1,0,0,1,0,0,12,0,0,0,0,0,0,0,0,0,0,0,0,1,0,0,0,0,8.699348067653093
284,4000,6.2,1,32,1,1,1,0,0,2.0,1,1,0,512,9499,1,1,1,1,1,2,1,0,2,2,2.0,1,3.0,1,13.0,1,8.0,271,75.8,156.9,168.0,0,0,1,1,5,2,720,1520,1,0,1,0,0,0,0,1,0,0,13,0,0,0,0,0,0,0,0,0,0,0,0,0,1,0,0,0,9.158941808890182
285,4000,6.2,1,32,1,1,1,0,0,2.0,1,1,0,512,8499,1,1,1,1,1,2,1,0,2,2,2.0,1,2.0,1,13.0,1,8.0,271,75.8,156.9,168.0,0,0,1,1,5,2,720,1520,1,0,1,0,0,0,0,1,0,0,13,0,0,0,0,0,0,0,0,0,0,0,0,0,1,0,0,0,9.047703788498627
286,4000,6.2,1,32,1,1,1,0,0,2.0,1,1,0,512,9499,1,1,1,1,1,2,1,0,2,2,2.0,1,3.0,1,13.0,1,8.0,271,75.8,156.9,168.0,0,0,1,1,5,2,720,1520,1,0,1,0,0,0,0,1,0,0,13,0,0,0,0,0,0,0,0,0,0,0,0,0,1,0,0,0,9.158941808890182
287,4000,6.2,1,32,1,1,1,0,0,2.0,1,1,0,512,8499,1,1,1,1,1,2,1,0,2,2,2.0,1,2.0,1,13.0,1,8.0,271,75.8,156.9,168.0,0,0,1,1,5,2,720,1520,1,0,1,0,0,0,0,1,0,0,13,0,0,0,0,0,0,0,0,0,0,0,0,0,1,0,0,0,9.047703788498627
288,4000,6.5,1,64,1,1,1,0,0,2.0,1,1,0,512,13899,1,1,1,1,1,1,1,0,2,3,1.8,1,4.0,1,13.0,1,8.0,264,77.5,163.3,183.0,1,0,1,11,5,3,720,1560,1,1,1,0,0,0,1,1,0,0,13,0,0,0,0,0,0,0,0,0,0,0,0,0,1,0,0,0,9.539572174084759
289,4000,6.5,1,64,1,1,1,0,0,2.0,1,1,0,512,11990,1,1,1,1,1,1,1,0,2,3,1.8,1,3.0,1,13.0,1,8.0,264,77.5,163.3,183.0,1,0,1,11,5,3,720,1560,1,1,1,0,0,0,1,1,0,0,13,0,0,0,0,0,0,0,0,0,0,0,0,0,1,0,0,0,9.39182824802156
290,4000,6.5,1,32,1,1,1,0,0,2.0,1,1,0,512,13899,1,1,1,1,1,1,1,0,2,3,1.8,1,4.0,1,13.0,1,8.0,264,77.5,163.3,183.0,1,0,1,11,5,3,720,1560,1,1,1,0,0,0,1,1,0,0,13,0,0,0,0,0,0,0,0,0,0,0,0,0,1,0,0,0,9.539572174084759
291,4000,6.5,1,32,1,1,1,0,0,2.0,1,1,0,512,11990,1,1,1,1,1,1,1,0,2,3,1.8,1,3.0,1,13.0,1,8.0,264,77.5,163.3,183.0,1,0,1,11,5,3,720,1560,1,1,1,0,0,0,1,1,0,0,13,0,0,0,0,0,0,0,0,0,0,0,0,0,1,0,0,0,9.39182824802156
292,3260,6.3,1,64,1,1,1,0,0,2.0,1,1,0,256,13140,1,1,1,1,1,2,1,0,2,3,2.2,1,4.0,1,16.0,0,24.0,400,154.8,75.1,150.0,0,0,1,7,4,2,2280,1080,1,1,1,0,0,0,1,1,0,0,15,0,0,0,0,0,0,0,0,0,0,0,0,0,0,0,1,0,9.483416292038601
293,4000,6.4,1,128,1,1,1,1,1,2.0,1,1,0,512,50490,1,1,1,1,1,1,1,0,2,5,2.7,1,8.0,0,12.0,0,8.0,514,76.4,161.9,201.0,1,0,1,1,4,2,1440,2960,1,1,1,0,0,1,1,1,0,0,13,0,0,0,0,0,0,0,0,0,0,0,0,0,1,0,0,0,10.829530575852962
294,4000,6.4,1,128,1,1,1,1,1,2.0,1,1,0,512,50200,1,1,1,1,1,1,1,0,2,5,2.7,1,6.0,0,12.0,0,8.0,514,76.4,161.9,201.0,1,0,1,1,4,2,1440,2960,1,1,1,0,0,1,1,1,0,0,13,0,0,0,0,0,0,0,0,0,0,0,0,0,1,0,0,0,10.82377030567982
295,4000,6.4,1,512,1,1,1,1,1,2.0,1,1,0,512,50490,1,1,1,1,1,1,1,0,2,5,2.7,1,8.0,0,12.0,0,8.0,514,76.4,161.9,201.0,1,0,1,1,4,2,1440,2960,1,1,1,0,0,1,1,1,0,0,13,0,0,0,0,0,0,0,0,0,0,0,0,0,1,0,0,0,10.829530575852962
296,4000,6.4,1,512,1,1,1,1,1,2.0,1,1,0,512,50200,1,1,1,1,1,1,1,0,2,5,2.7,1,6.0,0,12.0,0,8.0,514,76.4,161.9,201.0,1,0,1,1,4,2,1440,2960,1,1,1,0,0,1,1,1,0,0,13,0,0,0,0,0,0,0,0,0,0,0,0,0,1,0,0,0,10.82377030567982
297,4000,6.3,1,64,1,1,1,0,0,2.0,1,1,0,256,10999,1,1,1,1,1,1,1,0,2,3,2.0,1,6.0,1,48.0,0,13.0,409,75.2,159.2,186.0,1,0,1,3,5,2,1080,2340,1,1,1,0,0,0,1,1,0,0,16,0,0,0,0,0,0,0,0,0,0,0,0,0,0,0,0,1,9.305559638557117
298,4000,6.3,1,64,1,1,1,0,0,2.0,1,1,0,256,9999,1,1,1,1,1,1,1,0,2,3,2.0,1,4.0,1,48.0,0,13.0,409,75.2,159.2,186.0,1,0,1,3,5,2,1080,2340,1,1,1,0,0,0,1,1,0,0,16,0,0,0,0,0,0,0,0,0,0,0,0,0,0,0,0,1,9.21024036697585
299,4000,6.3,1,64,1,1,1,0,0,2.0,1,1,0,256,12990,1,1,1,1,1,1,1,0,2,3,2.0,1,6.0,1,48.0,0,13.0,409,75.2,159.2,186.0,1,0,1,3,5,2,1080,2340,1,1,1,0,0,0,1,1,0,0,16,0,0,0,0,0,0,0,0,0,0,0,0,0,0,0,0,1,9.471935109664646
300,4000,6.3,1,128,1,1,1,0,0,2.0,1,1,0,256,10999,1,1,1,1,1,1,1,0,2,3,2.0,1,6.0,1,48.0,0,13.0,409,75.2,159.2,186.0,1,0,1,3,5,2,1080,2340,1,1,1,0,0,0,1,1,0,0,16,0,0,0,0,0,0,0,0,0,0,0,0,0,0,0,0,1,9.305559638557117
301,4000,6.3,1,128,1,1,1,0,0,2.0,1,1,0,256,9999,1,1,1,1,1,1,1,0,2,3,2.0,1,4.0,1,48.0,0,13.0,409,75.2,159.2,186.0,1,0,1,3,5,2,1080,2340,1,1,1,0,0,0,1,1,0,0,16,0,0,0,0,0,0,0,0,0,0,0,0,0,0,0,0,1,9.21024036697585
302,4000,6.3,1,128,1,1,1,0,0,2.0,1,1,0,256,12990,1,1,1,1,1,1,1,0,2,3,2.0,1,6.0,1,48.0,0,13.0,409,75.2,159.2,186.0,1,0,1,3,5,2,1080,2340,1,1,1,0,0,0,1,1,0,0,16,0,0,0,0,0,0,0,0,0,0,0,0,0,0,0,0,1,9.471935109664646
303,4000,6.3,1,64,1,1,1,0,0,2.0,1,1,0,256,10999,1,1,1,1,1,1,1,0,2,3,2.0,1,6.0,1,48.0,0,13.0,409,75.2,159.2,186.0,1,0,1,3,5,2,1080,2340,1,1,1,0,0,0,1,1,0,0,16,0,0,0,0,0,0,0,0,0,0,0,0,0,0,0,0,1,9.305559638557117
304,4000,6.3,1,64,1,1,1,0,0,2.0,1,1,0,256,9999,1,1,1,1,1,1,1,0,2,3,2.0,1,4.0,1,48.0,0,13.0,409,75.2,159.2,186.0,1,0,1,3,5,2,1080,2340,1,1,1,0,0,0,1,1,0,0,16,0,0,0,0,0,0,0,0,0,0,0,0,0,0,0,0,1,9.21024036697585
305,4000,6.3,1,64,1,1,1,0,0,2.0,1,1,0,256,12990,1,1,1,1,1,1,1,0,2,3,2.0,1,6.0,1,48.0,0,13.0,409,75.2,159.2,186.0,1,0,1,3,5,2,1080,2340,1,1,1,0,0,0,1,1,0,0,16,0,0,0,0,0,0,0,0,0,0,0,0,0,0,0,0,1,9.471935109664646
306,5000,6.22,1,64,1,1,1,0,0,2.0,1,1,0,512,7999,1,1,1,1,1,1,1,0,2,3,2.0,1,4.0,1,12.0,1,8.0,271,75.4,156.3,188.0,1,0,1,10,5,2,720,1520,1,1,1,0,0,0,0,1,0,0,16,0,0,0,0,0,0,0,0,0,0,0,0,0,0,0,0,1,8.987071812848821
307,5000,6.22,1,64,1,1,1,0,0,2.0,1,1,0,512,11525,1,1,1,1,1,1,1,0,2,3,2.0,1,3.0,1,12.0,1,8.0,271,75.4,156.3,188.0,1,0,1,10,5,2,720,1520,1,1,1,0,0,0,0,1,0,0,16,0,0,0,0,0,0,0,0,0,0,0,0,0,0,0,0,1,9.352273867864849
308,3000,5.45,1,64,1,1,1,0,0,2.0,1,1,0,256,7777,1,1,1,1,1,2,1,0,2,2,2.0,1,3.0,1,12.0,1,5.0,295,147.5,71.5,146.0,0,0,1,6,4,2,1440,720,1,1,1,0,0,0,1,1,0,0,16,0,0,0,0,0,0,0,0,0,0,0,0,0,0,0,0,1,8.958925938694943
309,3000,5.45,1,64,1,1,1,0,0,2.0,1,1,0,256,7180,1,1,1,1,1,2,1,0,2,2,2.0,1,3.0,1,12.0,1,5.0,295,147.5,71.5,146.0,0,0,1,6,4,2,1440,720,1,1,1,0,0,0,1,1,0,0,16,0,0,0,0,0,0,0,0,0,0,0,0,0,0,0,0,1,8.87905466204227
310,3000,5.45,1,32,1,1,1,0,0,2.0,1,1,0,256,7777,1,1,1,1,1,2,1,0,2,2,2.0,1,3.0,1,12.0,1,5.0,295,147.5,71.5,146.0,0,0,1,6,4,2,1440,720,1,1,1,0,0,0,1,1,0,0,16,0,0,0,0,0,0,0,0,0,0,0,0,0,0,0,0,1,8.958925938694943
311,3000,5.45,1,32,1,1,1,0,0,2.0,1,1,0,256,7180,1,1,1,1,1,2,1,0,2,2,2.0,1,3.0,1,12.0,1,5.0,295,147.5,71.5,146.0,0,0,1,6,4,2,1440,720,1,1,1,0,0,0,1,1,0,0,16,0,0,0,0,0,0,0,0,0,0,0,0,0,0,0,0,1,8.87905466204227
312,4030,6.22,1,64,1,1,1,0,0,2.0,1,0,0,256,11299,1,1,1,1,1,2,1,0,2,3,1.95,1,4.0,1,13.0,1,20.0,270,75.1,155.1,163.5,0,0,1,9,4,2,1520,720,1,1,1,0,0,0,0,1,0,0,15,0,0,0,0,0,0,0,0,0,0,0,0,0,0,0,1,0,9.332469505209247
313,4000,5.45,1,16,1,1,0,0,0,2.0,1,1,0,256,4999,1,1,1,1,1,2,1,0,2,3,2.0,1,2.0,1,12.0,1,5.0,295,70.4,146.3,165.0,1,0,1,8,5,1,720,1440,1,1,1,0,0,0,0,1,0,0,16,0,0,0,0,0,0,0,0,0,0,0,0,0,0,0,0,1,8.51699317141357
314,4000,5.45,1,16,1,1,0,0,0,2.0,1,1,0,256,5499,1,1,1,1,1,2,1,0,2,3,2.0,1,2.0,1,12.0,1,5.0,295,70.4,146.3,165.0,1,0,1,8,5,1,720,1440,1,1,1,0,0,0,0,1,0,0,16,0,0,0,0,0,0,0,0,0,0,0,0,0,0,0,0,1,8.612321536507814
315,2716,5.8,1,64,1,1,0,1,1,1.0,1,1,0,0,81000,1,1,1,1,1,0,1,1,1,0,2.39,1,3.0,0,12.0,1,7.0,463,70.9,143.6,174.0,1,0,0,11,3,2,1125,2436,1,1,1,0,0,0,1,1,0,0,0,1,0,0,0,0,0,0,0,0,0,0,0,0,0,0,0,0,11.302204433654575
316,2716,5.8,1,64,1,1,0,1,1,1.0,1,1,0,0,87699,1,1,1,1,1,0,1,1,1,0,2.39,1,3.0,0,12.0,1,7.0,463,70.9,143.6,174.0,1,0,0,11,3,2,1125,2436,1,1,1,0,0,0,1,1,0,0,0,1,0,0,0,0,0,0,0,0,0,0,0,0,0,0,0,0,11.381665775786713
317,3080,5.5,1,64,1,0,1,0,0,2.0,1,1,0,128,10299,1,1,1,1,1,1,1,0,2,3,2.0,1,4.0,1,12.0,0,5.0,401,75.8,155.4,165.0,0,0,1,11,3,2,1080,1920,1,1,1,0,0,0,1,1,0,0,16,0,0,0,0,0,0,0,0,0,0,0,0,0,0,0,0,1,9.239802082125802
318,4000,6.26,1,32,1,1,1,0,0,2.0,1,1,0,512,11126,1,1,1,1,1,2,1,0,2,3,1.8,1,3.0,1,12.0,1,8.0,271,76.4,158.65,180.0,0,0,1,7,5,2,720,1520,1,1,1,0,0,0,0,1,0,0,16,0,0,0,0,0,0,0,0,0,0,0,0,0,0,0,0,1,9.317039990635239
319,4000,6.26,1,32,1,1,1,0,0,2.0,1,1,0,512,14236,1,1,1,1,1,2,1,0,2,3,1.8,1,4.0,1,12.0,1,8.0,271,76.4,158.65,180.0,0,0,1,7,5,2,720,1520,1,1,1,0,0,0,0,1,0,0,16,0,0,0,0,0,0,0,0,0,0,0,0,0,0,0,0,1,9.563529246630083
320,4000,6.26,1,32,1,1,1,0,0,2.0,1,1,0,512,7498,1,1,1,1,1,2,1,0,2,3,1.8,1,2.0,1,12.0,1,8.0,271,76.4,158.65,180.0,0,0,1,7,5,2,720,1520,1,1,1,0,0,0,0,1,0,0,16,0,0,0,0,0,0,0,0,0,0,0,0,0,0,0,0,1,8.922391597295857
321,4000,6.26,1,32,1,1,1,0,0,2.0,1,1,0,512,7999,1,1,1,1,1,2,1,0,2,3,1.8,1,3.0,1,12.0,1,8.0,271,76.4,158.65,180.0,0,0,1,7,5,2,720,1520,1,1,1,0,0,0,0,1,0,0,16,0,0,0,0,0,0,0,0,0,0,0,0,0,0,0,0,1,8.987071812848821
322,4000,6.26,1,32,1,1,1,0,0,2.0,1,1,0,512,11126,1,1,1,1,1,2,1,0,2,3,1.8,1,3.0,1,12.0,1,8.0,271,76.4,158.65,180.0,0,0,1,7,5,2,720,1520,1,1,1,0,0,0,0,1,0,0,16,0,0,0,0,0,0,0,0,0,0,0,0,0,0,0,0,1,9.317039990635239
323,4000,6.26,1,32,1,1,1,0,0,2.0,1,1,0,512,14236,1,1,1,1,1,2,1,0,2,3,1.8,1,4.0,1,12.0,1,8.0,271,76.4,158.65,180.0,0,0,1,7,5,2,720,1520,1,1,1,0,0,0,0,1,0,0,16,0,0,0,0,0,0,0,0,0,0,0,0,0,0,0,0,1,9.563529246630083
324,4000,6.26,1,32,1,1,1,0,0,2.0,1,1,0,512,7498,1,1,1,1,1,2,1,0,2,3,1.8,1,2.0,1,12.0,1,8.0,271,76.4,158.65,180.0,0,0,1,7,5,2,720,1520,1,1,1,0,0,0,0,1,0,0,16,0,0,0,0,0,0,0,0,0,0,0,0,0,0,0,0,1,8.922391597295857
325,4000,6.26,1,32,1,1,1,0,0,2.0,1,1,0,512,7999,1,1,1,1,1,2,1,0,2,3,1.8,1,3.0,1,12.0,1,8.0,271,76.4,158.65,180.0,0,0,1,7,5,2,720,1520,1,1,1,0,0,0,0,1,0,0,16,0,0,0,0,0,0,0,0,0,0,0,0,0,0,0,0,1,8.987071812848821
326,3060,5.86,1,32,1,1,1,0,0,2.0,1,1,0,400,9400,1,1,1,1,1,1,1,0,2,2,1.8,1,4.0,1,13.0,1,8.0,287,72.0,149.5,151.0,0,0,1,1,4,2,1520,720,1,1,1,0,0,0,1,1,0,0,9,0,0,0,0,0,0,0,0,0,1,0,0,0,0,0,0,0,9.148464968258095
327,3060,5.86,1,32,1,1,1,0,0,2.0,1,1,0,400,6999,1,1,1,1,1,1,1,0,2,2,1.8,1,3.0,1,13.0,1,8.0,287,72.0,149.5,151.0,0,0,1,1,4,2,1520,720,1,1,1,0,0,0,1,1,0,0,9,0,0,0,0,0,0,0,0,0,1,0,0,0,0,0,0,0,8.85352256068954
328,3000,5.1,1,32,1,0,1,0,1,2.0,1,1,0,200,22999,1,1,1,1,1,2,1,0,2,5,2.3,1,4.0,0,12.0,1,5.0,577,69.59,142.4,152.0,0,0,1,3,2,1,1440,2560,1,1,1,0,0,0,1,1,0,0,13,0,0,0,0,0,0,0,0,0,0,0,0,0,1,0,0,0,10.043206015705211
329,3000,5.7,1,32,1,1,1,0,0,2.0,1,0,0,256,5999,1,1,1,1,1,1,1,0,2,2,2.0,1,3.0,1,13.0,0,13.0,282,72.9,153.8,155.0,0,0,1,10,4,2,1440,720,1,0,1,0,0,0,0,1,0,0,6,0,0,0,0,0,0,1,0,0,0,0,0,0,0,0,0,0,8.699348067653093
330,4500,6.7,1,128,1,1,1,0,0,2.0,1,1,0,512,22990,1,1,1,1,1,1,1,0,2,3,2.0,1,6.0,1,32.0,1,32.0,385,76.7,164.3,191.0,1,0,1,7,5,3,1080,2400,1,1,1,0,0,0,1,1,0,0,13,0,0,0,0,0,0,0,0,0,0,0,0,0,1,0,0,0,10.042814617757227
331,4500,6.7,1,128,1,1,1,0,0,2.0,1,1,0,512,27699,1,1,1,1,1,1,1,0,2,3,2.0,1,8.0,1,32.0,1,32.0,385,76.7,164.2,191.0,1,0,1,7,5,3,1080,2400,1,1,1,0,0,0,1,1,0,0,13,0,0,0,0,0,0,0,0,0,0,0,0,0,1,0,0,0,10.229151590440738
332,3500,6.3,1,128,0,1,1,0,1,2.0,1,1,0,512,16999,1,1,1,1,1,1,1,0,2,3,2.0,1,6.0,1,32.0,1,16.0,409,73.9,155.3,168.0,1,0,1,6,5,3,1080,2340,1,1,1,0,0,0,1,1,0,0,13,0,0,0,0,0,0,0,0,0,0,0,0,0,1,0,0,0,9.74090979777877
333,2900,5.5,1,16,1,0,0,0,0,2.0,0,0,0,32,5999,1,1,1,1,0,2,1,0,2,4,1.7,1,2.0,1,13.0,0,5.0,401,76.2,152.6,150.0,0,1,1,7,1,1,1080,1920,1,1,1,0,0,0,1,1,0,0,6,0,0,0,0,0,0,1,0,0,0,0,0,0,0,0,0,0,8.699348067653093
334,3000,5.5,1,16,1,0,0,0,0,2.0,0,1,0,256,9399,1,1,1,1,1,2,1,0,3,5,1.4,1,3.0,1,13.0,1,5.0,267,77.2,151.69,175.0,0,1,1,8,4,1,720,1280,0,0,1,0,0,0,0,1,0,0,13,0,0,0,0,0,0,0,0,0,0,0,0,0,1,0,0,0,9.148358579620302
335,3000,5.5,1,32,1,0,0,0,0,2.0,0,1,0,256,9399,1,1,1,1,1,2,1,0,3,5,1.4,1,3.0,1,13.0,1,5.0,267,77.2,151.69,175.0,0,1,1,8,4,1,720,1280,0,0,1,0,0,0,0,1,0,0,13,0,0,0,0,0,0,0,0,0,0,0,0,0,1,0,0,0,9.148358579620302
336,3285,6.0,1,16,1,0,0,0,0,2.0,1,0,0,256,7990,1,0,0,1,1,2,1,0,3,3,1.4,1,2.0,1,8.0,1,5.0,268,75.7,155.8,150.0,0,0,1,5,4,1,720,1440,1,0,1,0,0,0,0,1,0,0,15,0,0,0,0,0,0,0,0,0,0,0,0,0,0,0,1,0,8.98594603876032
337,3500,6.0,1,32,1,1,1,0,0,2.0,1,1,0,400,6675,1,1,1,1,1,2,1,0,2,2,1.5,1,3.0,1,13.0,1,8.0,268,76.44,156.68,180.0,0,0,1,10,4,2,720,1440,1,1,1,0,0,0,1,1,0,0,9,0,0,0,0,0,0,0,0,0,1,0,0,0,0,0,0,0,8.80612448326845
338,5000,6.52,1,64,1,1,1,0,0,2.0,1,1,0,256,8999,1,1,1,1,1,2,1,0,2,3,2.0,1,4.0,1,12.0,1,8.0,269,75.0,164.4,195.0,0,0,1,4,6,4,720,1600,1,0,1,1,0,0,1,1,0,0,12,0,0,0,0,0,0,0,0,0,0,0,0,1,0,0,0,0,9.104868739033948
339,4045,6.3,1,64,1,1,1,0,0,2.0,1,1,0,256,11999,1,1,1,1,1,2,1,0,2,3,2.2,1,6.0,1,16.0,1,25.0,409,74.2,156.8,172.0,1,0,1,0,5,2,1080,2340,1,1,1,0,1,0,0,1,0,0,12,0,0,0,0,0,0,0,0,0,0,0,0,1,0,0,0,0,9.392578591964389
340,4045,6.3,1,64,1,1,1,0,0,2.0,1,1,0,256,12999,1,1,1,1,1,2,1,0,2,3,2.2,1,6.0,1,16.0,1,25.0,409,74.2,156.8,172.0,1,0,1,0,5,2,1080,2340,1,1,1,0,1,0,0,1,0,0,12,0,0,0,0,0,0,0,0,0,0,0,0,1,0,0,0,0,9.47262771040802
341,4045,6.3,1,64,1,1,1,0,0,2.0,1,1,0,256,11499,1,1,1,1,1,2,1,0,2,3,2.2,1,4.0,1,16.0,1,25.0,409,74.2,156.8,172.0,1,0,1,0,5,2,1080,2340,1,1,1,0,1,0,0,1,0,0,12,0,0,0,0,0,0,0,0,0,0,0,0,1,0,0,0,0,9.350015354048665
342,4045,6.3,1,128,1,1,1,0,0,2.0,1,1,0,256,11999,1,1,1,1,1,2,1,0,2,3,2.2,1,6.0,1,16.0,1,25.0,409,74.2,156.8,172.0,1,0,1,0,5,2,1080,2340,1,1,1,0,1,0,0,1,0,0,12,0,0,0,0,0,0,0,0,0,0,0,0,1,0,0,0,0,9.392578591964389
343,4045,6.3,1,128,1,1,1,0,0,2.0,1,1,0,256,12999,1,1,1,1,1,2,1,0,2,3,2.2,1,6.0,1,16.0,1,25.0,409,74.2,156.8,172.0,1,0,1,0,5,2,1080,2340,1,1,1,0,1,0,0,1,0,0,12,0,0,0,0,0,0,0,0,0,0,0,0,1,0,0,0,0,9.47262771040802
344,4045,6.3,1,128,1,1,1,0,0,2.0,1,1,0,256,11499,1,1,1,1,1,2,1,0,2,3,2.2,1,4.0,1,16.0,1,25.0,409,74.2,156.8,172.0,1,0,1,0,5,2,1080,2340,1,1,1,0,1,0,0,1,0,0,12,0,0,0,0,0,0,0,0,0,0,0,0,1,0,0,0,0,9.350015354048665
345,4000,6.19,1,64,1,1,1,0,0,2.0,1,1,0,256,7999,1,1,1,1,0,2,1,0,2,2,2.39,1,4.0,1,13.0,0,13.0,271,74.8,153.9,159.0,0,0,1,5,5,2,1500,720,1,1,1,0,0,0,0,1,0,0,4,0,0,0,0,1,0,0,0,0,0,0,0,0,0,0,0,0,8.987071812848821
346,4000,6.19,1,32,1,1,1,0,0,2.0,1,1,0,128,6690,1,1,1,1,1,2,1,0,2,2,2.0,1,3.0,1,13.0,1,16.0,269,76.2,156.0,164.0,0,0,1,2,4,2,1500,720,1,0,1,0,0,0,1,1,0,0,7,0,0,0,0,0,0,0,1,0,0,0,0,0,0,0,0,0,8.808369153122275
347,4000,6.22,0,64,1,1,1,0,0,2.0,1,0,0,128,6999,1,1,1,1,1,1,1,0,2,2,2.0,1,4.0,1,13.0,1,16.0,295,76.0,157.0,145.0,1,0,1,10,5,2,720,1520,1,0,1,0,0,0,0,1,0,0,1,0,1,0,0,0,0,0,0,0,0,0,0,0,0,0,0,0,8.85352256068954
348,4000,6.2,1,32,1,1,0,0,0,2.0,1,1,0,400,8150,1,1,1,1,1,2,1,0,3,2,2.0,1,2.0,1,13.0,1,5.0,295,75.41,157.69,183.0,0,0,1,2,5,2,720,1520,1,0,1,0,0,0,0,1,0,0,9,0,0,0,0,0,0,0,0,0,1,0,0,0,0,0,0,0,9.005773206234908
349,2600,5.0,1,16,1,0,0,0,0,2.0,1,1,0,256,5290,1,1,1,1,0,2,1,0,2,5,1.6,1,1.0,1,8.0,1,5.0,220,75.2,159.2,191.0,0,0,1,0,5,1,540,960,0,0,1,0,0,0,0,1,0,0,13,0,0,0,0,0,0,0,0,0,0,0,0,0,1,0,0,0,8.573573524852344
350,4000,6.19,1,32,1,1,1,0,0,2.0,1,1,0,128,5961,1,1,1,1,1,2,1,0,2,2,2.0,1,2.0,1,13.0,1,8.0,269,75.2,159.2,191.0,0,0,1,2,4,2,1500,720,1,0,1,0,0,0,0,1,0,0,7,0,0,0,0,0,0,0,1,0,0,0,0,0,0,0,0,0,8.692993531219926
351,4000,6.26,1,32,1,1,1,0,0,2.0,1,0,0,400,7899,1,1,1,1,1,2,1,0,3,3,1.8,1,3.0,1,13.0,1,5.0,269,76.24,159.44,181.0,0,0,1,3,5,1,720,1520,1,0,1,0,0,0,0,1,0,0,9,0,0,0,0,0,0,0,0,0,1,0,0,0,0,0,0,0,8.97449144816442
352,4000,6.26,1,16,1,1,1,0,0,2.0,1,0,0,400,7899,1,1,1,1,1,2,1,0,3,3,1.8,1,3.0,1,13.0,1,5.0,269,76.24,159.44,181.0,0,0,1,3,5,1,720,1520,1,0,1,0,0,0,0,1,0,0,9,0,0,0,0,0,0,0,0,0,1,0,0,0,0,0,0,0,8.97449144816442
353,4000,6.39,1,128,1,1,1,0,0,2.0,1,1,0,1000,33999,1,1,1,1,1,1,1,0,2,3,2.8,1,8.0,1,48.0,0,32.0,403,74.6,157.5,185.0,1,0,1,0,5,4,1080,2340,1,1,1,0,0,0,1,1,0,0,6,0,0,0,0,0,0,1,0,0,0,0,0,0,0,0,0,0,10.434086391401058
354,3500,6.2,0,32,1,1,1,0,0,2.0,1,1,0,256,9599,1,0,0,1,1,2,1,0,3,2,2.0,1,4.0,1,13.0,1,16.0,269,75.8,156.9,140.0,0,0,1,7,5,3,1520,720,1,0,1,1,0,0,1,1,0,0,14,0,0,0,0,0,0,0,0,0,0,0,0,0,0,1,0,0,9.169414205363537
355,3500,6.2,0,64,1,1,1,0,0,2.0,1,1,0,256,9599,1,0,0,1,1,2,1,0,3,2,2.0,1,4.0,1,13.0,1,16.0,269,75.8,156.9,140.0,0,0,1,7,5,3,1520,720,1,0,1,1,0,0,1,1,0,0,14,0,0,0,0,0,0,0,0,0,0,0,0,0,0,1,0,0,9.169414205363537
356,3500,6.2,0,32,1,1,1,0,0,2.0,1,1,0,256,9599,1,0,0,1,1,2,1,0,3,2,2.0,1,4.0,1,13.0,1,16.0,269,75.8,156.9,140.0,0,0,1,7,5,3,1520,720,1,0,1,1,0,0,1,1,0,0,14,0,0,0,0,0,0,0,0,0,0,0,0,0,0,1,0,0,9.169414205363537
357,4050,6.22,1,64,1,1,1,0,0,2.0,1,1,0,512,12379,1,1,1,1,1,1,1,0,2,3,1.8,1,4.0,1,13.0,1,16.0,267,75.9,157.7,172.0,1,0,1,6,5,3,720,1520,1,1,1,0,0,0,1,1,0,0,5,0,0,0,0,0,1,0,0,0,0,0,0,0,0,0,0,0,9.42375676753181
358,4380,4.6,1,512,0,1,1,1,1,2.0,2,1,0,0,164999,1,1,1,1,1,1,1,0,2,3,2.8,1,12.0,0,16.0,1,10.0,362,62.8,160.9,276.0,1,0,0,3,5,3,1536,2152,1,0,1,1,0,0,1,1,0,0,13,0,0,0,0,0,0,0,0,0,0,0,0,0,1,0,0,0,12.01369469225829
359,4000,5.99,1,64,1,1,1,0,0,2.0,1,1,0,128,8790,1,1,1,1,1,2,1,0,2,3,1.8,1,4.0,1,12.0,0,20.0,403,75.4,158.6,181.0,1,0,1,3,4,2,1080,2160,1,1,1,0,0,0,1,1,0,0,16,0,0,0,0,0,0,0,0,0,0,0,0,0,0,0,0,1,9.081369990679223
360,4000,5.99,1,64,1,1,1,0,0,2.0,1,1,0,128,11700,1,1,1,1,1,2,1,0,2,3,1.8,1,6.0,1,12.0,0,20.0,403,75.4,158.6,181.0,1,0,1,3,4,2,1080,2160,1,1,1,0,0,0,1,1,0,0,16,0,0,0,0,0,0,0,0,0,0,0,0,0,0,0,0,1,9.367344120785848
361,4000,5.99,1,64,1,1,1,0,0,2.0,1,1,0,128,8790,1,1,1,1,1,2,1,0,2,3,1.8,1,4.0,1,12.0,0,20.0,403,75.4,158.6,181.0,1,0,1,3,4,2,1080,2160,1,1,1,0,0,0,1,1,0,0,16,0,0,0,0,0,0,0,0,0,0,0,0,0,0,0,0,1,9.081369990679223
362,4000,5.99,1,64,1,1,1,0,0,2.0,1,1,0,128,11700,1,1,1,1,1,2,1,0,2,3,1.8,1,6.0,1,12.0,0,20.0,403,75.4,158.6,181.0,1,0,1,3,4,2,1080,2160,1,1,1,0,0,0,1,1,0,0,16,0,0,0,0,0,0,0,0,0,0,0,0,0,0,0,0,1,9.367344120785848
363,3000,5.99,1,64,0,0,1,0,1,2.0,1,1,0,0,10300,1,1,1,1,1,1,1,0,2,3,2.2,1,6.0,0,20.0,0,20.0,403,75.4,158.7,166.0,1,0,0,5,4,2,1080,2160,1,1,1,0,0,0,1,1,0,0,16,0,0,0,0,0,0,0,0,0,0,0,0,0,0,0,0,1,9.239899174217728
364,3000,5.99,1,64,0,0,1,0,1,2.0,1,1,0,0,8599,1,1,1,1,1,1,1,0,2,3,2.2,1,4.0,0,20.0,0,20.0,403,75.4,158.7,166.0,1,0,0,5,4,2,1080,2160,1,1,1,0,0,0,1,1,0,0,16,0,0,0,0,0,0,0,0,0,0,0,0,0,0,0,0,1,9.059401196410896
365,3000,5.99,1,128,0,0,1,0,1,2.0,1,1,0,0,10300,1,1,1,1,1,1,1,0,2,3,2.2,1,6.0,0,20.0,0,20.0,403,75.4,158.7,166.0,1,0,0,5,4,2,1080,2160,1,1,1,0,0,0,1,1,0,0,16,0,0,0,0,0,0,0,0,0,0,0,0,0,0,0,0,1,9.239899174217728
366,3000,5.99,1,128,0,0,1,0,1,2.0,1,1,0,0,8599,1,1,1,1,1,1,1,0,2,3,2.2,1,4.0,0,20.0,0,20.0,403,75.4,158.7,166.0,1,0,0,5,4,2,1080,2160,1,1,1,0,0,0,1,1,0,0,16,0,0,0,0,0,0,0,0,0,0,0,0,0,0,0,0,1,9.059401196410896
367,3600,5.5,1,64,1,0,1,0,1,2.0,1,1,0,128,16900,1,1,1,1,1,2,1,0,2,5,1.6,1,3.0,1,13.0,1,13.0,401,74.7,152.4,191.0,0,0,1,6,3,1,1080,1920,1,1,1,0,0,0,1,1,0,0,13,0,0,0,0,0,0,0,0,0,0,0,0,0,1,0,0,0,9.735068900911164
368,4000,5.2,1,32,1,0,1,0,0,2.0,1,0,0,128,6734,1,1,1,1,1,2,1,0,2,2,2.5,1,3.0,1,13.0,0,8.0,424,73.7,147.9,165.0,0,0,1,11,3,2,1080,1920,1,1,1,0,0,0,1,1,0,0,6,0,0,0,0,0,0,1,0,0,0,0,0,0,0,0,0,0,8.814924599721019
369,4000,5.2,1,32,1,0,1,0,0,2.0,1,0,0,128,6734,1,1,1,1,1,2,1,0,2,2,2.5,1,3.0,1,13.0,0,8.0,424,73.7,147.9,165.0,0,0,1,11,3,2,1080,1920,1,1,1,0,0,0,1,1,0,0,6,0,0,0,0,0,0,1,0,0,0,0,0,0,0,0,0,0,8.814924599721019
370,3430,6.3,1,64,1,0,1,1,1,1.0,1,1,0,0,54999,1,1,1,1,1,1,1,0,2,3,2.8,1,4.0,0,12.2,0,8.0,407,76.7,158.0,184.0,1,0,0,10,4,1,1440,2960,1,1,1,0,0,0,1,1,0,0,2,0,0,1,0,0,0,0,0,0,0,0,0,0,0,0,0,0,10.915070282231135
371,3000,5.2,1,16,1,0,1,0,1,2.0,1,1,0,128,6485,1,1,1,1,1,2,1,0,2,3,1.4,1,3.0,1,13.0,0,8.0,282,72.5,149.69,160.0,0,0,1,3,3,1,720,1280,1,1,1,0,0,0,1,1,0,0,9,0,0,0,0,0,0,0,0,0,1,0,0,0,0,0,0,0,8.777247096750544
372,2630,5.0,1,16,1,0,0,0,0,2.0,0,1,0,128,5100,1,1,1,1,1,2,1,0,3,2,1.4,1,2.0,1,8.0,1,8.0,294,71.4,143.4,140.0,0,0,1,3,3,1,720,1280,1,1,1,0,0,0,1,1,0,0,9,0,0,0,0,0,0,0,0,0,1,0,0,0,0,0,0,0,8.536995818712418
373,3000,5.2,1,64,1,0,1,0,1,2.0,1,1,0,2000,13849,1,1,1,1,1,2,1,0,2,3,2.2,1,6.0,1,12.0,0,16.0,424,73.4,148.4,163.0,0,0,1,9,3,2,1080,1920,1,1,1,0,0,0,1,1,0,0,8,0,0,0,0,0,0,0,0,1,0,0,0,0,0,0,0,0,9.535968306842717
374,3000,5.2,1,32,1,0,1,0,1,2.0,1,1,0,2000,13849,1,1,1,1,1,2,1,0,2,3,2.2,1,6.0,1,12.0,0,16.0,424,73.4,148.4,163.0,0,0,1,9,3,2,1080,1920,1,1,1,0,0,0,1,1,0,0,8,0,0,0,0,0,0,0,0,1,0,0,0,0,0,0,0,0,9.535968306842717
375,2900,5.7,1,32,1,0,1,0,0,2.0,0,1,0,128,4990,1,1,1,1,1,2,1,0,3,3,1.4,1,3.0,1,13.0,1,16.0,282,75.2,159.2,191.0,0,1,1,1,3,1,720,1440,1,0,1,0,0,0,0,1,0,0,7,0,0,0,0,0,0,0,1,0,0,0,0,0,0,0,0,0,8.515191188745565
376,3000,5.7,1,64,1,0,1,0,0,2.0,1,1,0,128,6699,1,1,1,1,1,2,1,0,2,3,1.4,1,4.0,1,16.0,1,20.0,282,72.8,152.3,191.0,0,0,1,2,3,1,1440,720,1,1,1,0,0,0,1,1,0,0,7,0,0,0,0,0,0,0,1,0,0,0,0,0,0,0,0,0,8.809713540508268
377,3000,5.5,1,32,1,0,1,0,0,2.0,1,1,0,64,4999,1,1,1,1,1,2,1,0,2,2,1.5,1,4.0,1,13.0,1,5.0,401,76.4,154.0,191.0,0,0,1,1,3,2,1920,1080,1,1,1,0,0,0,1,1,0,0,7,0,0,0,0,0,0,0,1,0,0,0,0,0,0,0,0,0,8.51699317141357
